C”DIGO;GRUPO/FAMILIA (Abrev.);Nome do produto;Bitola;Unidade;PreÁo UnitŠrio;Cobre_kg;Aluminio_kg;PVC_kg;Skin_kg;Embalagem_kg;Peso_Total_kg;ObservaÁ„o;PVC_HEPR;Capa_PP_kg;PVC_Atox_kg;PVC_Emb_kg;Etiqueta_un
K121;CABO ELETRICO LINHA1 (MAXFIO);CABO ELETRICO FLEX HEPR 10,0MM ATOX†VERMELHO†1KV†90ļ;10;M;8,806602564;7,8;0.0;2,27;0.0;0,0133;11,09;;0.0;0.0;0.0;0.0;0.0
K122;CABO ELETRICO LINHA1 (MAXFIO);CABO ELETRICO FLEX HEPR 10,0MM ATOX†AZUL†1KV†90ļ;10;M;8,806602564;7,8;0.0;2,27;0.0;0,0133;11,09;;0.0;0.0;0.0;0.0;0.0
K123;CABO ELETRICO LINHA1 (MAXFIO);CABO ELETRICO FLEX HEPR 10,0MM ATOX†VERDE†1KV†90ļ;10;M;8,806602564;7,8;0.0;2,27;0.0;0,0133;11,09;;0.0;0.0;0.0;0.0;0.0
K126;CABO ELETRICO LINHA1 (MAXFIO);CABO ELETRICO FLEX HEPR 10,0MM ATOX†AMARELO†1KV†90ļ;10;M;8,806602564;7,8;0.0;2,27;0.0;0,0133;11,09;;0.0;0.0;0.0;0.0;0.0
K127;CABO ELETRICO LINHA1 (MAXFIO);CABO ELETRICO FLEX HEPR 10,0MM ATOX†BRANCO†1KV†90ļ;10;M;8,806602564;7,8;0.0;2,27;0.0;0,0133;11,09;;0.0;0.0;0.0;0.0;0.0
K128;CABO ELETRICO LINHA1 (MAXFIO);CABO ELETRICO FLEX HEPR 16,0MM ATOX†AMARELO†1KV†90ļ;16;M;13,38269231;11,9;0.0;3,1;0.0;0,0133;16,52;;0.0;0.0;0.0;0.0;0.0
K136;CABO ELETRICO LINHA1 (MAXFIO);CABO ELETRICO FLEX HEPR 10,0MM ATOX†VERDE†1KV†90ļ;10;M;8,806602564;7,8;0.0;2,27;0.0;0,0133;11,09;;0.0;0.0;0.0;0.0;0.0
K137;CABO ELETRICO LINHA1 (MAXFIO);CABO ELETRICO FLEX HEPR 25,0MM ATOX†VERDE†1KV†90ļ;25;M;20,01096154;17,7;0.0;5,54;0.0;0,0133;25,47;;0.0;0.0;0.0;0.0;0.0
K138;CABO ELETRICO LINHA1 (MAXFIO);CABO ELETRICO FLEX HEPR 50,0MM ATOX†PRETO†1KV†90ļ;50;M;37,31858974;33,5;0.0;8;0.0;0,0133;44,6;;0.0;0.0;0.0;0.0;0.0
K139;CABO ELETRICO LINHA1 (MAXFIO);CABO ELETRICO FLEX HEPR 50,0MM ATOX†AZUL†1KV†90ļ;50;M;37,31858974;33,5;0.0;8;0.0;0,0133;44,6;;0.0;0.0;0.0;0.0;0.0
K140;CABO ELETRICO LINHA1 (MAXFIO);CABO ELETRICO FLEX HEPR 50,0MM ATOX†VERDE†1KV†90ļ;50;M;37,31858974;33,5;0.0;8;0.0;0,0133;44,6;;0.0;0.0;0.0;0.0;0.0
K141;CABO ELETRICO LINHA1 (MAXFIO);CABO ELETRICO FLEX HEPR 70,0MM ATOX†VERDE†1KV†90ļ;70;M;53,14487179;47,4;0.0;13;0.0;0,0133;65,4;;0.0;0.0;0.0;0.0;0.0
K147;CABO ELETRICO LINHA1 (MAXFIO);CABO ELETRICO FLEX HEPR 150,0MM ATOX†AZUL 1KV†90ļ;150;M;120,8410256;107,5;0.0;29;0.0;0,0133;149,5;;0.0;0.0;0.0;0.0;0.0
K148;CABO ELETRICO LINHA1 (MAXFIO);CABO ELETRICO FLEX HEPR 150,0MM ATOX†PRETO 1KV†90ļ;150;M;120,8410256;107,5;0.0;29;0.0;0,0133;149,5;;0.0;0.0;0.0;0.0;0.0
K149;CABO ELETRICO LINHA1 (MAXFIO);CABO ELETRICO FLEX HEPR 185,0MM ATOX†PRETO 1KV†90ļ;185;M;144,5397436;130;0.0;27;0.0;0,0133;170;;0.0;0.0;0.0;0.0;0.0
K150;CABO ELETRICO LINHA1 (MAXFIO);CABO ELETRICO FLEX HEPR 185,0MM ATOX†AZUL 1KV†90ļ;185;M;144,5397436;130;0.0;27;0.0;0,0133;170;;0.0;0.0;0.0;0.0;0.0
K152;CABO ELETRICO LINHA1 (MAXFIO);CABO ELETRICO FLEX HEPR 16,0MM ATOX†PRETO†1KV†90ļ;16;M;13,38269231;11,9;0.0;3,1;0.0;0,0133;16,52;;0.0;0.0;0.0;0.0;0.0
K153;CABO ELETRICO LINHA1 (MAXFIO);CABO ELETRICO FLEX HEPR 25,0MM ATOX†PRETO†1KV†90ļ;25;M;20,01096154;17,7;0.0;5,54;0.0;0,0133;25,47;;0.0;0.0;0.0;0.0;0.0
K106;CABO ELETRICO LINHA1 (MAXFIO);CABO ELETRICO FLEX HEPR 35,0MM ATOX†PRETO†1KV†90ļ;35;M;26,99660256;24,22;0.0;5,6;0.0;0,0133;32,23;;0.0;0.0;0.0;0.0;0.0
K120;CABO ELETRICO LINHA1 (MAXFIO);CABO ELETRICO FLEX HEPR 10,0MM ATOX†PRETO†1KV†90ļ;10;M;8,806602564;7,8;0.0;2,27;0.0;0,0133;11,09;;0.0;0.0;0.0;0.0;0.0
K129;CABO ELETRICO LINHA1 (MAXFIO);CABO ELETRICO FLEX HEPR 16,0MM ATOX†VERDE†1KV†90ļ;16;M;13,38269231;11,9;0.0;3,1;0.0;0,0133;16,52;;0.0;0.0;0.0;0.0;0.0
K130;CABO ELETRICO LINHA1 (MAXFIO);CABO ELETRICO FLEX HEPR 16,0MM ATOX†BRANCO†1KV†90ļ;16;M;13,38269231;11,9;0.0;3,1;0.0;0,0133;16,52;;0.0;0.0;0.0;0.0;0.0
K131;CABO ELETRICO LINHA1 (MAXFIO);CABO ELETRICO FLEX HEPR 16,0MM ATOX†AZUL†1KV†90ļ;16;M;13,38269231;11,9;0.0;3,1;0.0;0,0133;16,52;;0.0;0.0;0.0;0.0;0.0
K134;CABO ELETRICO LINHA1 (MAXFIO);CABO ELETRICO FLEX HEPR 10,0MM ATOX†PRETO†1KV†90ļ;10;M;8,806602564;7,8;0.0;2,27;0.0;0,0133;11,09;;0.0;0.0;0.0;0.0;0.0
K135;CABO ELETRICO LINHA1 (MAXFIO);CABO ELETRICO FLEX HEPR 10,0MM ATOX†AZUL†1KV†90ļ;10;M;8,806602564;7,8;0.0;2,27;0.0;0,0133;11,09;;0.0;0.0;0.0;0.0;0.0
K142;CABO ELETRICO LINHA1 (MAXFIO);CABO ELETRICO FLEX HEPR 95,0MM ATOX†VERDE†1KV†90ļ;95;M;74,31025641;66,2;0.0;17;0.0;0,0133;91,2;;0.0;0.0;0.0;0.0;0.0
K143;CABO ELETRICO LINHA1 (MAXFIO);CABO ELETRICO FLEX HEPR 95,0MM ATOX†PRETO 1KV†90ļ;95;M;74,31025641;66,2;0.0;17;0.0;0,0133;91,2;;0.0;0.0;0.0;0.0;0.0
K144;CABO ELETRICO LINHA1 (MAXFIO);CABO ELETRICO FLEX HEPR 95,0MM ATOX†AZUL 1KV†90ļ;95;M;74,31025641;66,2;0.0;17;0.0;0,0133;91,2;;0.0;0.0;0.0;0.0;0.0
K145;CABO ELETRICO LINHA1 (MAXFIO);CABO ELETRICO FLEX HEPR 120,0MM ATOX†PRETO 1KV†90ļ;120;M;94,13910256;86;0.0;10,5;0.0;0,0133;102,5;;0.0;0.0;0.0;0.0;0.0
K146;CABO ELETRICO LINHA1 (MAXFIO);CABO ELETRICO FLEX HEPR 120,0MM ATOX†AZUL 1KV†90ļ;120;M;94,13910256;86;0.0;10,5;0.0;0,0133;102,5;;0.0;0.0;0.0;0.0;0.0
K154;CABO ELETRICO LINHA1 (MAXFIO);CABO ELETRICO FLEX HEPR 70,0MM ATOX†PRETO†1KV†90ļ;70;M;53,14487179;47,4;0.0;13;0.0;0,0133;65,4;;0.0;0.0;0.0;0.0;0.0
K005;CABO HEPR 1KV 90¬ļ - MAXFIO;CABO ELETRICO FLEX HEPR 16,0MM VERMELHO 1KV 90ļ;16;M;13,38269231;11,9;0.0;3,1;0.0;0,0133;16,52;;0.0;0.0;0.0;0.0;0.0
K001;CABO HEPR 1KV 90¬ļ - MAXFIO;CABO ELETRICO FLEX HEPR 10,0MM PRETO 1KV 90ļ;10;M;8,806602564;7,8;0.0;2,27;0.0;0,0133;11,09;;0.0;0.0;0.0;0.0;0.0
K002;CABO HEPR 1KV 90¬ļ - MAXFIO;CABO ELETRICO FLEX HEPR 10,0MM VERMELHO 1KV 90ļ;10;M;8,806602564;7,8;0.0;2,27;0.0;0,0133;11,09;;0.0;0.0;0.0;0.0;0.0
K008;CABO HEPR 1KV 90¬ļ - MAXFIO;CABO ELETRICO FLEX HEPR 25,0MM VERMELHO 1KV 90ļ;25;M;20,01096154;17,7;0.0;5,54;0.0;0,0133;25,47;;0.0;0.0;0.0;0.0;0.0
K009;CABO HEPR 1KV 90¬ļ - MAXFIO;CABO ELETRICO FLEX HEPR 25,0MM AZUL 1KV 90ļ;25;M;20,01096154;17,7;0.0;5,54;0.0;0,0133;25,47;;0.0;0.0;0.0;0.0;0.0
K010;CABO HEPR 1KV 90¬ļ - MAXFIO;CABO ELETRICO FLEX HEPR 35,0MM PRETO 1KV 90ļ;35;M;26,99660256;24,22;0.0;5,6;0.0;0,0133;32,23;;0.0;0.0;0.0;0.0;0.0
K011;CABO HEPR 1KV 90¬ļ - MAXFIO;CABO ELETRICO FLEX HEPR 35,0MM VERMELHO 1KV 90ļ;35;M;26,99660256;24,22;0.0;5,6;0.0;0,0133;32,23;;0.0;0.0;0.0;0.0;0.0
K012;CABO HEPR 1KV 90¬ļ - MAXFIO;CABO ELETRICO FLEX HEPR 35,0MM AZUL 1KV 90ļ;35;M;26,99660256;24,22;0.0;5,6;0.0;0,0133;32,23;;0.0;0.0;0.0;0.0;0.0
K024;CABO HEPR 1KV 90¬ļ - MAXFIO;CABO ELETRICO FLEX HEPR 120,0MM VERMELHO 1KV 90ļ;120;M;94,13910256;86;0.0;10,5;0.0;0,0133;102,5;;0.0;0.0;0.0;0.0;0.0
K035;CABO HEPR 1KV 90¬ļ - MAXFIO;CABO ELETRICO FLEX HEPR 35,0MM VERDE 1KV 90ļ;35;M;26,99660256;24,22;0.0;5,6;0.0;0,0133;32,23;;0.0;0.0;0.0;0.0;0.0
K037;CABO HEPR 1KV 90¬ļ - MAXFIO;CABO ELETRICO FLEX HEPR 6,0MM PRETO 1KV 90ļ;6;M;0;0;0.0;0;0.0;0,0133;0;;0.0;0.0;0.0;0.0;0.0
K038;CABO HEPR 1KV 90¬ļ - MAXFIO;CABO ELETRICO FLEX HEPR  4,0MM AZUL 1KV 90ļ;4;M;0;0;0.0;0;0.0;0,0133;0;;0.0;0.0;0.0;0.0;0.0
K039;CABO HEPR 1KV 90¬ļ - MAXFIO;CABO ELETRICO FLEX HEPR  4,0MM VERDE 1KV 90ļ;4;M;0;0;0.0;0;0.0;0,0133;0;;0.0;0.0;0.0;0.0;0.0
K050;CABO HEPR 1KV 90¬ļ - MAXFIO;CABO ELETRICO FLEX HEPR 6,0MM BRANCO 1KV 90ļ;6;M;0;0;0.0;0;0.0;0,0133;0;;0.0;0.0;0.0;0.0;0.0
K051;CABO HEPR 1KV 90¬ļ - MAXFIO;CABO ELETRICO FLEX HEPR 6,0MM VERMELHO 1KV 90ļ;6;M;0;0;0.0;0;0.0;0,0133;0;;0.0;0.0;0.0;0.0;0.0
K016;CABO HEPR 1KV 90¬ļ - MAXFIO;CABO ELETRICO FLEX HEPR 70,0MM PRETO 1KV 90ļ;70;M;53,14487179;47,4;0.0;13;0.0;0,0133;65,4;;0.0;0.0;0.0;0.0;0.0
K017;CABO HEPR 1KV 90¬ļ - MAXFIO;CABO ELETRICO FLEX HEPR 70,0MM VERMELHO 1KV 90ļ;70;M;53,14487179;47,4;0.0;13;0.0;0,0133;65,4;;0.0;0.0;0.0;0.0;0.0
K018;CABO HEPR 1KV 90¬ļ - MAXFIO;CABO ELETRICO FLEX HEPR 70,0MM AZUL 1KV 90ļ;70;M;53,14487179;47,4;0.0;13;0.0;0,0133;65,4;;0.0;0.0;0.0;0.0;0.0
K019;CABO HEPR 1KV 90¬ļ - MAXFIO;CABO ELETRICO FLEX HEPR 95,0MM PRETO 1KV 90ļ;95;M;74,31025641;66,2;0.0;17;0.0;0,0133;91,2;;0.0;0.0;0.0;0.0;0.0
K053;CABO HEPR 1KV 90¬ļ - MAXFIO;CABO ELETRICO FLEX HEPR  4,0MM BRANCO 1KV 90ļ;4;M;0;0;0.0;0;0.0;0,0133;0;;0.0;0.0;0.0;0.0;0.0
K054;CABO HEPR 1KV 90¬ļ - MAXFIO;CABO ELETRICO FLEX HEPR  4,0MM CINZA 1KV 90ļ;4;M;0;0;0.0;0;0.0;0,0133;0;;0.0;0.0;0.0;0.0;0.0
K055;CABO HEPR 1KV 90¬ļ - MAXFIO;CABO ELETRICO FLEX HEPR 70,0MM VERDE 1KV 90ļ;70;M;53,14487179;47,4;0.0;13;0.0;0,0133;65,4;;0.0;0.0;0.0;0.0;0.0
K056;CABO HEPR 1KV 90¬ļ - MAXFIO;CABO ELETRICO FLEX HEPR 95,0MM VERDE 1KV 90ļ;95;M;74,31025641;66,2;0.0;17;0.0;0,0133;91,2;;0.0;0.0;0.0;0.0;0.0
K058;CABO HEPR 1KV 90¬ļ - MAXFIO;CABO ELETRICO FLEX HEPR 150,0MM AZUL 1KV 90ļ;150;M;120,8410256;107,5;0.0;29;0.0;0,0133;149,5;;0.0;0.0;0.0;0.0;0.0
K062;CABO HEPR 1KV 90¬ļ - MAXFIO;CABO ELETREFLEX HEPR 6,0MM AZUL 1KV 90ļ;6;M;0;0;0.0;0;0.0;0,0133;0;;0.0;0.0;0.0;0.0;0.0
K063;CABO HEPR 1KV 90¬ļ - MAXFIO;CABO ELETREFLEX HEPR 6,0MM VERDE 1KV 90ļ;6;M;0;0;0.0;0;0.0;0,0133;0;;0.0;0.0;0.0;0.0;0.0
K064;CABO HEPR 1KV 90¬ļ - MAXFIO;CABO ELETREFLEX HEPR 240,0MM AZUL 1KV 90ļ;240;M;183,4692308;164,5;0.0;36;0.0;0,0133;218,5;;0.0;0.0;0.0;0.0;0.0
K070;CABO HEPR 1KV 90¬ļ - MAXFIO;CABO ELETRICO FLEX HEPR 16,0MM AMARELO 1KV 90ļ;16;M;13,38269231;11,9;0.0;3,1;0.0;0,0133;16,52;;0.0;0.0;0.0;0.0;0.0
K091;CABO HEPR 1KV 90¬ļ - MAXFIO;CABO ELETRICO FLEX HEPR 10,0MM AMARELO 1KV 90ļ;10;M;8,806602564;7,8;0.0;2,27;0.0;0,0133;11,09;;0.0;0.0;0.0;0.0;0.0
K093;CABO HEPR 1KV 90¬ļ - MAXFIO;CABO ELETRICO FLEX HEPR 95,0MM AMARELO 1KV 90ļ;95;M;74,31025641;66,2;0.0;17;0.0;0,0133;91,2;;0.0;0.0;0.0;0.0;0.0
K098;CABO HEPR 1KV 90¬ļ - MAXFIO;CABO ELETRICO FLEX HEPR 150,0MM AMARELO 1KV 90ļ;150;M;120,8410256;107,5;0.0;29;0.0;0,0133;149,5;;0.0;0.0;0.0;0.0;0.0
K099;CABO HEPR 1KV 90¬ļ - MAXFIO;CABO ELETRICO FLEX HEPR  25,0MM CINZA 1KV 90ļ;25;M;20,01096154;17,7;0.0;5,54;0.0;0,0133;25,47;;0.0;0.0;0.0;0.0;0.0
K100;CABO HEPR 1KV 90¬ļ - MAXFIO;CABO ELETRICO FLEX HEPR  10,0MM CINZA 1KV 90ļ;10;M;8,806602564;7,8;0.0;2,27;0.0;0,0133;11,09;;0.0;0.0;0.0;0.0;0.0
K110;CABO HEPR 1KV 90¬ļ - MAXFIO;CABO ELETRICO FLEX HEPR 1,0MM PRETO 1KV 90ļ;1;M;0;0;0.0;0;0.0;0,0133;0;;0.0;0.0;0.0;0.0;0.0
K111;CABO HEPR 1KV 90¬ļ - MAXFIO;CABO ELETRICO FLEX HEPR 1,0MM VERDE 1KV 90ļ;1;M;0;0;0.0;0;0.0;0,0133;0;;0.0;0.0;0.0;0.0;0.0
K112;CABO HEPR 1KV 90¬ļ - MAXFIO;CABO ELETRICO FLEX HEPR 1,0MM AMARELO 1KV 90ļ;1;M;0;0;0.0;0;0.0;0,0133;0;;0.0;0.0;0.0;0.0;0.0
K113;CABO HEPR 1KV 90¬ļ - MAXFIO;CABO ELETRICO FLEX HEPR 1,0MM AZUL 1KV 90ļ;1;M;0;0;0.0;0;0.0;0,0133;0;;0.0;0.0;0.0;0.0;0.0
K114;CABO HEPR 1KV 90¬ļ - MAXFIO;CABO ELETRICO FLEX HEPR 1,0MM CINZA 1KV 90ļ;1;M;0;0;0.0;0;0.0;0,0133;0;;0.0;0.0;0.0;0.0;0.0
K013;CABO HEPR 1KV 90¬ļ - MAXFIO;CABO ELETRICO FLEX HEPR 50,0MM PRETO 1KV 90ļ;50;M;37,31858974;33,5;0.0;8;0.0;0,0133;44,6;;0.0;0.0;0.0;0.0;0.0
K014;CABO HEPR 1KV 90¬ļ - MAXFIO;CABO ELETRICO FLEX HEPR 50,0MM VERMELHO 1KV 90ļ;50;M;37,31858974;33,5;0.0;8;0.0;0,0133;44,6;;0.0;0.0;0.0;0.0;0.0
K015;CABO HEPR 1KV 90¬ļ - MAXFIO;CABO ELETRICO FLEX HEPR 50,0MM AZUL 1KV 90ļ;50;M;37,31858974;33,5;0.0;8;0.0;0,0133;44,6;;0.0;0.0;0.0;0.0;0.0
K007;CABO HEPR 1KV 90¬ļ - MAXFIO;CABO ELETRICO FLEX HEPR 25,0MM PRETO 1KV 90ļ;25;M;20,01096154;17,7;0.0;5,54;0.0;0,0133;25,47;;0.0;0.0;0.0;0.0;0.0
K025;CABO HEPR 1KV 90¬ļ - MAXFIO;CABO ELETRICO FLEX HEPR 50,0MM VERDE 1KV 90ļ;50;M;37,31858974;33,5;0.0;8;0.0;0,0133;44,6;;0.0;0.0;0.0;0.0;0.0
K026;CABO HEPR 1KV 90¬ļ - MAXFIO;CABO ELETRICO FLEX HEPR 25,0MM VERDE 1KV 90ļ;25;M;20,01096154;17,7;0.0;5,54;0.0;0,0133;25,47;;0.0;0.0;0.0;0.0;0.0
K030;CABO HEPR 1KV 90¬ļ - MAXFIO;CABO ELETRICO FLEX HEPR 16,0MM BRANCO 1KV 90ļ;16;M;13,38269231;11,9;0.0;3,1;0.0;0,0133;16,52;;0.0;0.0;0.0;0.0;0.0
K031;CABO HEPR 1KV 90¬ļ - MAXFIO;CABO ELETRICO FLEX HEPR 50,0MM BRANCO 1KV 90ļ;50;M;37,31858974;33,5;0.0;8;0.0;0,0133;44,6;;0.0;0.0;0.0;0.0;0.0
K033;CABO HEPR 1KV 90¬ļ - MAXFIO;CABO ELETRICO FLEX HEPR 10,0MM VERDE 1KV 90ļ;10;M;8,806602564;7,8;0.0;2,27;0.0;0,0133;11,09;;0.0;0.0;0.0;0.0;0.0
K034;CABO HEPR 1KV 90¬ļ - MAXFIO;CABO ELETRICO FLEX HEPR  4,0MM VERMELHO 1KV 90ļ;4;M;0;0;0.0;0;0.0;0,0133;0;;0.0;0.0;0.0;0.0;0.0
K041;CABO HEPR 1KV 90¬ļ - MAXFIO;CABO ELETRICO FLEX HEPR  4,0MM PRETO 1KV 90ļ;4;M;0;0;0.0;0;0.0;0,0133;0;;0.0;0.0;0.0;0.0;0.0
K042;CABO HEPR 1KV 90¬ļ - MAXFIO;CABO ELETRICO FLEX HEPR 35,0MM BRANCO 1KV 90ļ;35;M;26,99660256;24,22;0.0;5,6;0.0;0,0133;32,23;;0.0;0.0;0.0;0.0;0.0
K003;CABO HEPR 1KV 90¬ļ - MAXFIO;CABO ELETRICO FLEX HEPR 10,0MM AZUL 1KV 90ļ;10;M;8,806602564;7,8;0.0;2,27;0.0;0,0133;11,09;;0.0;0.0;0.0;0.0;0.0
K004;CABO HEPR 1KV 90¬ļ - MAXFIO;CABO ELETRICO FLEX HEPR 16,0MM PRETO 1KV 90ļ;16;M;13,38269231;11,9;0.0;3,1;0.0;0,0133;16,52;;0.0;0.0;0.0;0.0;0.0
K006;CABO HEPR 1KV 90¬ļ - MAXFIO;CABO ELETRICO FLEX HEPR 16,0MM AZUL 1KV 90ļ;16;M;13,38269231;11,9;0.0;3,1;0.0;0,0133;16,52;;0.0;0.0;0.0;0.0;0.0
K047;CABO HEPR 1KV 90¬ļ - MAXFIO;CABO ELETRICO FLEX HEPR 70,0MM BRANCO 1KV 90ļ;70;M;53,14487179;47,4;0.0;13;0.0;0,0133;65,4;;0.0;0.0;0.0;0.0;0.0
K049;CABO HEPR 1KV 90¬ļ - MAXFIO;CABO ELETRICO FLEX HEPR 120,0MM VERDE 1KV 90ļ;120;M;94,13910256;86;0.0;10,5;0.0;0,0133;102,5;;0.0;0.0;0.0;0.0;0.0
K020;CABO HEPR 1KV 90¬ļ - MAXFIO;CABO ELETRICO FLEX HEPR 95,0MM AZUL 1KV 90ļ;95;M;74,31025641;66,2;0.0;17;0.0;0,0133;91,2;;0.0;0.0;0.0;0.0;0.0
K022;CABO HEPR 1KV 90¬ļ - MAXFIO;CABO ELETRICO FLEX HEPR 120,0MM PRETO 1KV 90ļ;120;M;94,13910256;86;0.0;10,5;0.0;0,0133;102,5;;0.0;0.0;0.0;0.0;0.0
K023;CABO HEPR 1KV 90¬ļ - MAXFIO;CABO ELETRICO FLEX HEPR 120,0MM AZUL 1KV 90ļ;120;M;94,13910256;86;0.0;10,5;0.0;0,0133;102,5;;0.0;0.0;0.0;0.0;0.0
K052;CABO HEPR 1KV 90¬ļ - MAXFIO;CABO ELETRICO FLEX HEPR  4,0MM AMARELO 1KV 90ļ;4;M;0;0;0.0;0;0.0;0,0133;0;;0.0;0.0;0.0;0.0;0.0
K048;CABO HEPR 1KV 90¬ļ - MAXFIO;CABO ELETRICO FLEX HEPR 240,0MM PRETO 1KV 90ļ;240;M;183,4692308;164,5;0.0;36;0.0;0,0133;218,5;;0.0;0.0;0.0;0.0;0.0
K036;CABO HEPR 1KV 90¬ļ - MAXFIO;CABO ELETRICO FLEX HEPR 185,0MM PRETO 1KV 90ļ;185;M;144,5397436;130;0.0;27;0.0;0,0133;170;;0.0;0.0;0.0;0.0;0.0
K032;CABO HEPR 1KV 90¬ļ - MAXFIO;CABO ELETRICO FLEX HEPR 150,0MM PRETO 1KV 90ļ;150;M;120,8410256;107,5;0.0;29;0.0;0,0133;149,5;;0.0;0.0;0.0;0.0;0.0
K067;CABO HEPR 1KV 90¬ļ - MAXFIO;CABO ELETRICO FLEX HEPR 150,0MM VERDE 1KV 90ļ;150;M;120,8410256;107,5;0.0;29;0.0;0,0133;149,5;;0.0;0.0;0.0;0.0;0.0
K071;CABO HEPR 1KV 90¬ļ - MAXFIO;CABO ELETREFLEX HEPR 240,0MM VERDE 1KV 90ļ;240;M;183,4692308;164,5;0.0;36;0.0;0,0133;218,5;;0.0;0.0;0.0;0.0;0.0
K072;CABO HEPR 1KV 90¬ļ - MAXFIO;CABO ELETRICO FLEX HEPR 25,0MM AMARELO 1KV 90ļ;25;M;20,01096154;17,7;0.0;5,54;0.0;0,0133;25,47;;0.0;0.0;0.0;0.0;0.0
K086;CABO HEPR 1KV 90¬ļ - MAXFIO;CABO ELETRICO FLEX HEPR 95,0MM BRANCO 1KV 90ļ;95;M;74,31025641;66,2;0.0;17;0.0;0,0133;91,2;;0.0;0.0;0.0;0.0;0.0
K087;CABO HEPR 1KV 90¬ļ - MAXFIO;CABO ELETREFLEX HEPR 6,0MM AMARELO 1KV 90ļ;6;M;0;0;0.0;0;0.0;0,0133;0;;0.0;0.0;0.0;0.0;0.0
K088;CABO HEPR 1KV 90¬ļ - MAXFIO;CABO ELETREFLEX HEPR 6,0MM CINZA 1KV 90ļ;6;M;0;0;0.0;0;0.0;0,0133;0;;0.0;0.0;0.0;0.0;0.0
K094;CABO HEPR 1KV 90¬ļ - MAXFIO;CABO ELETRICO FLEX HEPR 150,0MM BRANCO 1KV 90ļ;150;M;120,8410256;107,5;0.0;29;0.0;0,0133;149,5;;0.0;0.0;0.0;0.0;0.0
K095;CABO HEPR 1KV 90¬ļ - MAXFIO;CABO ELETRICO FLEX HEPR 150,0MM VERMELHO 1KV 90ļ;150;M;120,8410256;107,5;0.0;29;0.0;0,0133;149,5;;0.0;0.0;0.0;0.0;0.0
K101;CABO HEPR 1KV 90¬ļ - MAXFIO;CABO ELETREFLEX HEPR 240,0MM VERMELHO 1KV 90ļ;240;M;183,4692308;164,5;0.0;36;0.0;0,0133;218,5;;0.0;0.0;0.0;0.0;0.0
K102;CABO HEPR 1KV 90¬ļ - MAXFIO;CABO ELETREFLEX HEPR 240,0MM BRANCO 1KV 90ļ;240;M;183,4692308;164,5;0.0;36;0.0;0,0133;218,5;;0.0;0.0;0.0;0.0;0.0
K103;CABO HEPR 1KV 90¬ļ - MAXFIO;CABO ELETRICO FLEX HEPR  25,0MM LARANJA 1KV 90ļ;25;M;20,01096154;17,7;0.0;5,54;0.0;0,0133;25,47;;0.0;0.0;0.0;0.0;0.0
K115;CABO HEPR 1KV 90¬ļ - MAXFIO;CABO ELETRICO FLEX HEPR 1,0MM VERMELHO 1KV 90ļ;1;M;0;0;0.0;0;0.0;0,0133;0;;0.0;0.0;0.0;0.0;0.0
K116;CABO HEPR 1KV 90¬ļ - MAXFIO;CABO ELETRICO FLEX HEPR 10,0MM MARROM 1KV 90ļ;10;M;8,806602564;7,8;0.0;2,27;0.0;0,0133;11,09;;0.0;0.0;0.0;0.0;0.0
K124;CABO HEPR 1KV 90¬ļ - MAXFIO;CABO ELETRICO FLEX HEPR 16,0MM CINZA 1KV 90ļ;16;M;13,38269231;11,9;0.0;3,1;0.0;0,0133;16,52;;0.0;0.0;0.0;0.0;0.0
K125;CABO HEPR 1KV 90¬ļ - MAXFIO;CABO ELETRICO FLEX HEPR 16,0MM MARROM 1KV 90ļ;16;M;13,38269231;11,9;0.0;3,1;0.0;0,0133;16,52;;0.0;0.0;0.0;0.0;0.0
K028;CABO HEPR 1KV 90¬ļ - MAXFIO;CABO ELETRICO FLEX HEPR 16,0MM VERDE 1KV 90ļ;16;M;13,38269231;11,9;0.0;3,1;0.0;0,0133;16,52;;0.0;0.0;0.0;0.0;0.0
K027;CABO HEPR 1KV 90¬ļ - MAXFIO;CABO ELETRICO FLEX HEPR 25,0MM BRANCO 1KV 90ļ;25;M;20,01096154;17,7;0.0;5,54;0.0;0,0133;25,47;;0.0;0.0;0.0;0.0;0.0
K029;CABO HEPR 1KV 90¬ļ - MAXFIO;CABO ELETRICO FLEX HEPR 10,0MM BRANCO 1KV 90ļ;10;M;8,806602564;7,8;0.0;2,27;0.0;0,0133;11,09;;0.0;0.0;0.0;0.0;0.0
K073;CABO HEPR 1KV 90¬ļ - MAXFIO;CABO ELETRICO FLEX HEPR 70,0MM AMARELO 1KV 90ļ;70;M;53,14487179;47,4;0.0;13;0.0;0,0133;65,4;;0.0;0.0;0.0;0.0;0.0
K074;CABO HEPR 1KV 90¬ļ - MAXFIO;CABO ELETRICO FLEX HEPR 50,0MM AMARELO 1KV 90ļ;50;M;37,31858974;33,5;0.0;8;0.0;0,0133;44,6;;0.0;0.0;0.0;0.0;0.0
K075;CABO HEPR 1KV 90¬ļ - MAXFIO;CABO ELETRICO FLEX HEPR 120,0MM AMARELO 1KV 90ļ;120;M;94,13910256;86;0.0;10,5;0.0;0,0133;102,5;;0.0;0.0;0.0;0.0;0.0
K076;CABO HEPR 1KV 90¬ļ - MAXFIO;CABO ELETRICO FLEX HEPR 120,0MM BRANCO 1KV 90ļ;120;M;94,13910256;86;0.0;10,5;0.0;0,0133;102,5;;0.0;0.0;0.0;0.0;0.0
K080;CABO HEPR 1KV 90¬ļ - MAXFIO;CABO ELETRICO FLEX HEPR 35,0MM AMARELO 1KV 90ļ;35;M;26,99660256;24,22;0.0;5,6;0.0;0,0133;32,23;;0.0;0.0;0.0;0.0;0.0
K082;CABO HEPR 1KV 90¬ļ - MAXFIO;CABO ELETRICO FLEX HEPR 35,0MM CINZA 1KV 90ļ;35;M;26,99660256;24,22;0.0;5,6;0.0;0,0133;32,23;;0.0;0.0;0.0;0.0;0.0
K021N;CABO HEPR 1KV 90¬ļ - MAXFIO;CABO ELETRICO FLEX HEPR 95,0MM VERMELHO 1KV 90ļ;95;M;74,31025641;66,2;0.0;17;0.0;0,0133;91,2;;0.0;0.0;0.0;0.0;0.0
F170B;CABO ELETRICO LINHA1 (MAXFIO);CABO ELETRICO FLEX 0,50MM VERMELHO MAXFIO METRO (BOBINA);0,5;M;0,54198325;0,39;0.0;1;0.0;0.0;0.0;;0.0;0.0;0.0;0.0;0.0
F169B;CABO ELETRICO LINHA1 (MAXFIO);CABO ELETRICO FLEX 0,50MM BRANCO MAXFIO METRO (BOBINA);0,5;M;0,54198325;0,39;0.0;1;0.0;0.0;0.0;;0.0;0.0;0.0;0.0;0.0
F181B;CABO ELETRICO LINHA1 (MAXFIO);CABO ELETRICO FLEX 0,50MM VERDE MAXFIO METRO (BOBINA);0,5;M;0,54198325;0,39;0.0;1;0.0;0.0;0.0;;0.0;0.0;0.0;0.0;0.0
F193B;CABO ELETRICO LINHA1 (MAXFIO);CABO ELETRICO FLEX 0,50MM MARROM MAXFIO METRO (BOBINA);0,5;M;0,54198325;0,39;0.0;1;0.0;0.0;0.0;;0.0;0.0;0.0;0.0;0.0
F194B;CABO ELETRICO LINHA1 (MAXFIO);CABO ELETRICO FLEX 0,50MM AMARELO MAXFIO METRO BOBINA;0,5;M;0,54198325;0,39;0.0;1;0.0;0.0;0.0;;0.0;0.0;0.0;0.0;0.0
F171B;CABO ELETRICO LINHA1 (MAXFIO);CABO ELETRICO FLEX 0,75MM PRETO MAXFIO METRO (BOBINA);0,75;M;0,77438325;0,614;0.0;1;0.0;0.0;162.73;;0.0;0.0;0.0;0.0;0.0
F185B;CABO ELETRICO LINHA1 (MAXFIO);CABO ELETRICO FLEX 0,75MM MARROM MAXFIO METRO (BOBINA);0,75;M;0,77438325;0,614;0.0;1;0.0;0.0;162.73;;0.0;0.0;0.0;0.0;0.0
F188B;CABO ELETRICO LINHA1 (MAXFIO);CABO ELETRICO FLEX 0,75MM VERMELHO MAXFIO METRO (BOBINA);0,75;M;0,77438325;0,614;0.0;1;0.0;0.0;162.73;;0.0;0.0;0.0;0.0;0.0
F189B;CABO ELETRICO LINHA1 (MAXFIO);CABO ELETRICO FLEX 0,75MM AMARELO MAXFIO 100M (BOBINA);0,75;M;0,77438325;0,614;0.0;1;0.0;0.0;162.73;;0.0;0.0;0.0;0.0;0.0
F259B;CABO ELETRICO LINHA1 (MAXFIO);CABO ELETRICO FLEX 0,75MM AZUL MAXFIO METRO (BOBINA);0,75;M;0,77438325;0,614;0.0;1;0.0;0.0;162.73;;0.0;0.0;0.0;0.0;0.0
F191B;CABO ELETRICO LINHA1 (MAXFIO);CABO ELETRICO FLEX 0,75MM CINZA MAXFIO METRO (BOBINA);0,75;M;0,77438325;0,614;0.0;1;0.0;0.0;162.73;;0.0;0.0;0.0;0.0;0.0
F031B;CABO ELETRICO LINHA1 (MAXFIO);CABO ELETRICO FLEX 1,0MM PRETO MAXFIO 450/750V NBR247 METRO (BOBINA);1;M;0,94764575;0,781;0.0;1;0.0;0.0;0.0;;0.0;0.0;0.0;0.0;0.0
F182B;CABO ELETRICO LINHA1 (MAXFIO);CABO ELETRICO FLEX 0,75MM AZUL BIC MAXFIO METRO (BOBINA);0,75;M;0,77438325;0,614;0.0;1;0.0;0.0;162.73;;0.0;0.0;0.0;0.0;0.0
F183B;CABO ELETRICO LINHA1 (MAXFIO);CABO ELETRICO FLEX 0,75MM BRANCO MAXFIO METRO (BOBINA);0,75;M;0,77438325;0,614;0.0;1;0.0;0.0;162.73;;0.0;0.0;0.0;0.0;0.0
F190B;CABO ELETRICO LINHA1 (MAXFIO);CABO ELETRICO FLEX 0,75MM VERDE MAXFIO METRO BOBINA;0,75;M;0,77438325;0,614;0.0;1;0.0;0.0;162.73;;0.0;0.0;0.0;0.0;0.0
F032B;CABO ELETRICO LINHA1 (MAXFIO);CABO ELETRICO FLEX 1,0MM VERMELHO MAXFIO 450/750V NBR247 METRO (BOBINA);1;M;0,94764575;0,781;0.0;1;0.0;0.0;0.0;;0.0;0.0;0.0;0.0;0.0
F033B;CABO ELETRICO LINHA1 (MAXFIO);CABO ELETRICO FLEX 1,0MM AMARELO MAXFIO 450/750V NBR247 METRO (BOBINA);1;M;0,94764575;0,781;0.0;1;0.0;0.0;0.0;;0.0;0.0;0.0;0.0;0.0
F198B;CABO ELETRICO LINHA1 (MAXFIO);CABO ELETRICO FLEX 1,0MM LARANJA MAXFIO 450/750V NBR247 METRO (BOBINA);1;M;0,94764575;0,781;0.0;1;0.0;0.0;0.0;;0.0;0.0;0.0;0.0;0.0
F195B;CABO ELETRICO LINHA1 (MAXFIO);CABO ELETRICO FLEX 1,0MM CINZA MAXFIO 450/750V  NBR427 METRO(BOBINA);1;M;0,94764575;0,781;0.0;1;0.0;0.0;0.0;;0.0;0.0;0.0;0.0;0.0
F003B;CABO ELETRICO LINHA1 (MAXFIO);CABO ELETRICO FLEX 1,5MM AMARELO MAXFIO 450/750V NBR247 METRO (BOBINA);1,5;M;1,33150006;1,228;0.0;0,9;0.0;0.0;18.83;;0.0;0.0;0.0;0.0;0.0
F001B;CABO ELETRICO LINHA1 (MAXFIO);CABO ELETRICO FLEX 1,5MM PRETO MAXFIO 450/750V NBR247 METRO (BOBINA);1,5;M;1,33150006;1,228;0.0;0,9;0.0;0.0;18.83;;0.0;0.0;0.0;0.0;0.0
F002B;CABO ELETRICO LINHA1 (MAXFIO);CABO ELETRICO FLEX 1,5MM VERMELHO MAXFIO 450/750V NBR247 METRO (BOBINA);1,5;M;1,33150006;1,228;0.0;0,9;0.0;0.0;18.83;;0.0;0.0;0.0;0.0;0.0
F004B;CABO ELETRICO LINHA1 (MAXFIO);CABO ELETRICO FLEX 1,5MM VERDE MAXFIO 450/750V NBR247 METRO (BOBINA);1,5;M;1,33150006;1,228;0.0;0,9;0.0;0.0;18.83;;0.0;0.0;0.0;0.0;0.0
F005B;CABO ELETRICO LINHA1 (MAXFIO);CABO ELETRICO FLEX 1,5MM AZUL MAXFIO 450/750V NBR247 METRO (BOBINA);1,5;M;1,33150006;1,228;0.0;0,9;0.0;0.0;18.83;;0.0;0.0;0.0;0.0;0.0
F030B;CABO ELETRICO LINHA1 (MAXFIO);CABO ELETRICO FLEX 10,0MM BRANCO MAXFIO 450/750V NBR247 METRO (BOBINA);10;M;8,797046414;8,038;0.0;3,402;0.0;0.0;0.0;;0.0;0.0;0.0;0.0;0.0
F276B;CABO ELETRICO LINHA1 (MAXFIO);CABO ELETRICO FLEX ATOX 10,0MM VERMELHO 450/750V MAXFIO METRO (BOBINA);10;M;8,797046414;8,038;0.0;3,402;0.0;0.0;0.0;;0.0;0.0;0.0;0.0;0.0
F277B;CABO ELETRICO LINHA1 (MAXFIO);CABO ELETRICO FLEX ATOX 10,0MM PRETO 450/750V MAXFIO METRO (BOBINA);10;M;8,797046414;8,038;0.0;3,402;0.0;0.0;0.0;;0.0;0.0;0.0;0.0;0.0
F278B;CABO ELETRICO LINHA1 (MAXFIO);CABO ELETRICO FLEX ATOX 10,0MM VERDE 450/750V MAXFIO METRO (BOBINA);10;M;8,797046414;8,038;0.0;3,402;0.0;0.0;0.0;;0.0;0.0;0.0;0.0;0.0
F159B;CABO ELETRICO LINHA1 (MAXFIO);CABO ELETRICO FLEX 16,0MM AZUL MAXFIO 450/750 NBR427 METRO (BOBINA);16;M;13,21458869;12,1;0.0;4,9;0.0;0.0;0.0;;0.0;0.0;0.0;0.0;0.0
F161B;CABO ELETRICO LINHA1 (MAXFIO);CABO ELETRICO FLEX 16,0MM VERMELHO MAXFIO 450/750 NBR427 METRO (BOBINA);16;M;13,21458869;12,1;0.0;4,9;0.0;0.0;0.0;;0.0;0.0;0.0;0.0;0.0
F044B;CABO ELETRICO LINHA1 (MAXFIO);CABO ELETRICO FLEXIVEL 16,0MM VERDE MAXFIO# METRO (BOBINA);16;M;13,21458869;12,1;0.0;4,9;0.0;0.0;0.0;;0.0;0.0;0.0;0.0;0.0
F007B;CABO ELETRICO LINHA1 (MAXFIO);CABO ELETRICO FLEX 2,5MM PRETO MAXFIO 450/750V NBR247 METRO (BOBINA);2,5;M;2,107007857;2;0.0;1;0.0;0.0;283600000000000.06;;0.0;0.0;0.0;0.0;0.0
F166B;CABO ELETRICO LINHA1 (MAXFIO);CABO ELETRICO FLEX 2,5MM CINZA MAXFIO 450/750V NBR247 METRO (BOBINA);2,5;M;2,107007857;2;0.0;1;0.0;0.0;283600000000000.06;;0.0;0.0;0.0;0.0;0.0
F197B;CABO ELETRICO LINHA1 (MAXFIO);CABO ELETRICO FLEX 2,5MM MARROM MAXFIO 450/750V NBR247 METRO (BOBINA);2,5;M;2,107007857;2;0.0;1;0.0;0.0;283600000000000.06;;0.0;0.0;0.0;0.0;0.0
F261B;CABO ELETRICO LINHA1 (MAXFIO);CABO ELETRICO FLEX ATOX 2,5MM PRETO 450/750V MAXFIO METRO (BOBINA);2,5;M;2,107007857;2;0.0;1;0.0;0.0;283600000000000.06;;0.0;0.0;0.0;0.0;0.0
F016B;CABO ELETRICO LINHA1 (MAXFIO);CABO ELETRICO FLEX 4,0MM VERDE MAXFIO 450/750V NBR247 METRO (BOBINA);4;M;3,475115549;3,126;0.0;1,709;0.0;0.0;0.0;;0.0;0.0;0.0;0.0;0.0
F017B;CABO ELETRICO LINHA1 (MAXFIO);CABO ELETRICO FLEX 4,0MM AZUL MAXFIO 450/750V NBR247 METRO (BOBINA);4;M;3,475115549;3,126;0.0;1,709;0.0;0.0;0.0;;0.0;0.0;0.0;0.0;0.0
F018B;CABO ELETRICO LINHA1 (MAXFIO);CABO ELETRICO FLEX 4,0MM BRANCO MAXFIO 450/750V NBR247 METRO (BOBINA);4;M;3,475115549;3,126;0.0;1,709;0.0;0.0;0.0;;0.0;0.0;0.0;0.0;0.0
F270B;CABO ELETRICO LINHA1 (MAXFIO);CABO ELETRICO FLEX ATOX 4,0MM VERMELHO 450/750V MAXFIO METRO (BOBINA);4;M;3,475115549;3,126;0.0;1,709;0.0;0.0;0.0;;0.0;0.0;0.0;0.0;0.0
F269B;CABO ELETRICO LINHA1 (MAXFIO);CABO ELETRICO FLEX ATOX 4,0MM PRETO 450/750V MAXFIO METRO (BOBINA);4;M;3,475115549;3,126;0.0;1,709;0.0;0.0;0.0;;0.0;0.0;0.0;0.0;0.0
F271B;CABO ELETRICO LINHA1 (MAXFIO);CABO ELETRICO FLEX ATOX 4,0MM VERDE 450/750V MAXFIO METRO (BOBINA);4;M;3,475115549;3,126;0.0;1,709;0.0;0.0;0.0;;0.0;0.0;0.0;0.0;0.0
F019B;CABO ELETRICO LINHA1 (MAXFIO);CABO ELETRICO FLEX 6,0MM PRETO MAXFIO 450/750V NBR247 METRO (BOBINA);6;M;5,282156448;4,8;0.0;2,236;0.0;0.0;0.0;;0.0;0.0;0.0;0.0;0.0
F034B;CABO ELETRICO LINHA1 (MAXFIO);CABO ELETRICO FLEX 1,0MM VERDE MAXFIO 450/750V NBR247 METRO (BOBINA);1;M;0,94764575;0,781;0.0;1;0.0;0.0;0.0;;0.0;0.0;0.0;0.0;0.0
F035B;CABO ELETRICO LINHA1 (MAXFIO);CABO ELETRICO FLEX 1,0MM AZUL BIC MAXFIO 450/750V NBR247 METRO (BOBINA);1;M;0,94764575;0,781;0.0;1;0.0;0.0;0.0;;0.0;0.0;0.0;0.0;0.0
F036B;CABO ELETRICO LINHA1 (MAXFIO);CABO ELETRICO FLEX 1,0MM BRANCO MAXFIO 450/750V NBR247 METRO (BOBINA);1;M;0,94764575;0,781;0.0;1;0.0;0.0;0.0;;0.0;0.0;0.0;0.0;0.0
F006B;CABO ELETRICO LINHA1 (MAXFIO);CABO ELETRICO FLEX 1,5MM BRANCO MAXFIO 450/750V NBR247 METRO (BOBINA);1,5;M;1,33150006;1,228;0.0;0,9;0.0;0.0;18.83;;0.0;0.0;0.0;0.0;0.0
F150B;CABO ELETRICO LINHA1 (MAXFIO);CABO ELETRICO FLEXIVEL 1,5MM CINZA MAXFIO# METRO (BOBINA);1,5;M;1,33150006;1,228;0.0;0,9;0.0;0.0;18.83;;0.0;0.0;0.0;0.0;0.0
F265B;CABO ELETRICO LINHA1 (MAXFIO);CABO ELETRICO FLEX ATOX 1,5MM AZUL 450/750V MAXFIO METRO (BOBINA);1,5;M;1,33150006;1,228;0.0;0,9;0.0;0.0;18.83;;0.0;0.0;0.0;0.0;0.0
F266B;CABO ELETRICO LINHA1 (MAXFIO);CABO ELETRICO FLEX ATOX 1,5MM VERDE 450/750V MAXFIO METRO (BOBINA);1,5;M;1,33150006;1,228;0.0;0,9;0.0;0.0;18.83;;0.0;0.0;0.0;0.0;0.0
F268B;CABO ELETRICO LINHA1 (MAXFIO);CABO ELETRICO FLEX ATOX 1,5MM VERMELHO 450/750V MAXFIO METRO (BOBINA);1,5;M;1,33150006;1,228;0.0;0,9;0.0;0.0;18.83;;0.0;0.0;0.0;0.0;0.0
F267B;CABO ELETRICO LINHA1 (MAXFIO);CABO ELETRICO FLEX ATOX 1,5MM AMARELO 450/750V MAXFIO METRO (BOBINA);1,5;M;1,33150006;1,228;0.0;0,9;0.0;0.0;18.83;;0.0;0.0;0.0;0.0;0.0
F027B;CABO ELETRICO LINHA1 (MAXFIO);CABO ELETRICO FLEX 10,0MM AMARELO MAXFIO 450/750V NBR247 METRO (BOBINA);10;M;8,797046414;8,038;0.0;3,402;0.0;0.0;0.0;;0.0;0.0;0.0;0.0;0.0
F025B;CABO ELETRICO LINHA1 (MAXFIO);CABO ELETRICO FLEX 10,0MM PRETO MAXFIO 450/750V NBR247 METRO (BOBINA);10;M;8,797046414;8,038;0.0;3,402;0.0;0.0;0.0;;0.0;0.0;0.0;0.0;0.0
F026B;CABO ELETRICO LINHA1 (MAXFIO);CABO ELETRICO FLEX 10,0MM VERMELHO MAXFIO 450/750V NBR247 METRO (BOBINA);10;M;8,797046414;8,038;0.0;3,402;0.0;0.0;0.0;;0.0;0.0;0.0;0.0;0.0
F028B;CABO ELETRICO LINHA1 (MAXFIO);CABO ELETRICO FLEX 10,0MM VERDE MAXFIO 450/750V NBR247 METRO (BOBINA);10;M;8,797046414;8,038;0.0;3,402;0.0;0.0;0.0;;0.0;0.0;0.0;0.0;0.0
F029B;CABO ELETRICO LINHA1 (MAXFIO);CABO ELETRICO FLEX 10,0MM AZUL MAXFIO 450/750V NBR247 METRO (BOBINA);10;M;8,797046414;8,038;0.0;3,402;0.0;0.0;0.0;;0.0;0.0;0.0;0.0;0.0
F041B;CABO ELETRICO LINHA1 (MAXFIO);CABO ELETRICO FLEXIVEL 16,0MM PRETO MAXFIO# METRO (BOBINA);16;M;13,21458869;12,1;0.0;4,9;0.0;0.0;0.0;;0.0;0.0;0.0;0.0;0.0
F167B;CABO ELETRICO LINHA1 (MAXFIO);CABO ELETRICO FLEX 16,0MM PRETO MAXFIO 450/750 NBR427 METRO (BOBINA);16;M;13,21458869;12,1;0.0;4,9;0.0;0.0;0.0;;0.0;0.0;0.0;0.0;0.0
F184B;CABO ELETRICO LINHA1 (MAXFIO);CABO ELETRICO FLEX 16,0MM BRANCO MAXFIO 450/750 NBR427 METRO (BOBINA);16;M;13,21458869;12,1;0.0;4,9;0.0;0.0;0.0;;0.0;0.0;0.0;0.0;0.0
F008B;CABO ELETRICO LINHA1 (MAXFIO);CABO ELETRICO FLEX 2,5MM VERMELHO MAXFIO 450/750V NBR247 METRO (BOBINA);2,5;M;2,107007857;2;0.0;1;0.0;0.0;283600000000000.06;;0.0;0.0;0.0;0.0;0.0
F009B;CABO ELETRICO LINHA1 (MAXFIO);CABO ELETRICO FLEX 2,5MM AMARELO MAXFIO 450/750V NBR247 METRO (BOBINA);2,5;M;2,107007857;2;0.0;1;0.0;0.0;283600000000000.06;;0.0;0.0;0.0;0.0;0.0
F010B;CABO ELETRICO LINHA1 (MAXFIO);CABO ELETRICO FLEX 2,5MM VERDE MAXFIO 450/750V NBR247 METRO (BOBINA);2,5;M;2,107007857;2;0.0;1;0.0;0.0;283600000000000.06;;0.0;0.0;0.0;0.0;0.0
F011B;CABO ELETRICO LINHA1 (MAXFIO);CABO ELETRICO FLEX 2,5MM AZUL MAXFIO 450/750V NBR247 METRO (BOBINA);2,5;M;2,107007857;2;0.0;1;0.0;0.0;283600000000000.06;;0.0;0.0;0.0;0.0;0.0
F012B;CABO ELETRICO LINHA1 (MAXFIO);CABO ELETRICO FLEX 2,5MM BRANCO MAXFIO 450/750V NBR247 METRO (BOBINA);2,5;M;2,107007857;2;0.0;1;0.0;0.0;283600000000000.06;;0.0;0.0;0.0;0.0;0.0
F262B;CABO ELETRICO LINHA1 (MAXFIO);CABO ELETRICO FLEX ATOX 2,5MM VERMELHO 450/750V MAXFIO METRO (BOBINA);2,5;M;2,107007857;2;0.0;1;0.0;0.0;283600000000000.06;;0.0;0.0;0.0;0.0;0.0
F263B;CABO ELETRICO LINHA1 (MAXFIO);CABO ELETRICO FLEX ATOX 2,5MM VERDE 450/750V MAXFIO METRO (BOBINA);2,5;M;2,107007857;2;0.0;1;0.0;0.0;283600000000000.06;;0.0;0.0;0.0;0.0;0.0
F264B;CABO ELETRICO LINHA1 (MAXFIO);CABO ELETRICO FLEX ATOX 2,5MM AZUL 450/750V MAXFIO METRO (BOBINA);2,5;M;2,107007857;2;0.0;1;0.0;0.0;3013;;0.0;0.0;0.0;0.0;0.0
F014B;CABO ELETRICO LINHA1 (MAXFIO);CABO ELETRICO FLEX 4,0MM VERMELHO MAXFIO 450/750V NBR247 METRO (BOBINA);4;M;3,475115549;3,126;0.0;1,709;0.0;0.0;0.0;;0.0;0.0;0.0;0.0;0.0
F013B;CABO ELETRICO LINHA1 (MAXFIO);CABO ELETRICO FLEX 4,0MM PRETO MAXFIO 450/750V NBR247 METRO (BOBINA);4;M;3,475115549;3,126;0.0;1,709;0.0;0.0;0.0;;0.0;0.0;0.0;0.0;0.0
F015B;CABO ELETRICO LINHA1 (MAXFIO);CABO ELETRICO FLEX 4,0MM AMARELO MAXFIO 450/750V NBR247 METRO (BOBINA);4;M;3,475115549;3,126;0.0;1,709;0.0;0.0;0.0;;0.0;0.0;0.0;0.0;0.0
F247B;CABO ELETRICO LINHA1 (MAXFIO);CABO ELETRICO FLEX 4,00MM AZUL MAXFIO 450/750V NBR247 (BOBINA);4;M;3,475115549;3,126;0.0;1,709;0.0;0.0;0.0;;0.0;0.0;0.0;0.0;0.0
F272B;CABO ELETRICO LINHA1 (MAXFIO);CABO ELETRICO FLEX ATOX 4,0MM AZUL 450/750V MAXFIO METRO (BOBINA);4;M;3,475115549;3,126;0.0;1,709;0.0;0.0;0.0;;0.0;0.0;0.0;0.0;0.0
F022B;CABO ELETRICO LINHA1 (MAXFIO);CABO ELETRICO FLEX 6,0MM VERDE MAXFIO 450/750V NBR247 METRO (BOBINA);6;M;5,282156448;4,8;0.0;2,236;0.0;0.0;0.0;;0.0;0.0;0.0;0.0;0.0
F023B;CABO ELETRICO LINHA1 (MAXFIO);CABO ELETRICO FLEX 6,0MM AZUL  MAXFIO 450/750V NBR247 METRO (BOBINA);6;M;5,282156448;4,8;0.0;2,236;0.0;0.0;0.0;;0.0;0.0;0.0;0.0;0.0
F024B;CABO ELETRICO LINHA1 (MAXFIO);CABO ELETRICO FLEX 6,0MM BRANCO MAXFIO 40/750V NBR247 METRO (BOBINA);6;M;5,282156448;4,8;0.0;2,236;0.0;0.0;0.0;;0.0;0.0;0.0;0.0;0.0
F021B;CABO ELETRICO LINHA1 (MAXFIO);CABO ELETRICO FLEX 6,0MM AMARELO MAXFIO 450/750V NBR247 METRO (BOBINA);6;M;5,282156448;4,8;0.0;2,236;0.0;0.0;0.0;;0.0;0.0;0.0;0.0;0.0
F020B;CABO ELETRICO LINHA1 (MAXFIO);CABO ELETRICO FLEX 6,0MM VERMELHO MAXFIO 450/750V NBR247 METRO (BOBINA);6;M;5,282156448;4,8;0.0;2,236;0.0;0.0;0.0;;0.0;0.0;0.0;0.0;0.0
F273B;CABO ELETRICO LINHA1 (MAXFIO);CABO ELETRICO FLEX ATOX 6,0MM VERMELHO 450/750V MAXFIO METRO (BOBINA);6;M;5,282156448;4,8;0.0;2,236;0.0;0.0;0.0;;0.0;0.0;0.0;0.0;0.0
F274B;CABO ELETRICO LINHA1 (MAXFIO);CABO ELETRICO FLEX ATOX 6,0MM PRETO 450/750V MAXFIO METRO (BOBINA);6;M;5,282156448;4,8;0.0;2,236;0.0;0.0;0.0;;0.0;0.0;0.0;0.0;0.0
F275B;CABO ELETRICO LINHA1 (MAXFIO);CABO ELETRICO FLEX ATOX 6,0MM VERDE 450/750V MAXFIO METRO (BOBINA);6;M;5,282156448;4,8;0.0;2,236;0.0;0.0;0.0;;0.0;0.0;0.0;0.0;0.0
F168;CABO ELETRICO LINHA1 (MAXFIO);CABO ELETRICO FLEX 0,50MM AZUL BIC MAXFIO 100M;0,5;RL;54,198325;0,39;0.0;1;0.0;0,0133;1,4033;;0.0;0.0;0.0;0.0;0.0
F169;CABO ELETRICO LINHA1 (MAXFIO);CABO ELETRICO FLEX 0,50MM BRANCO MAXFIO 100M;0,5;RL;54,198325;0,39;0.0;1;0.0;0,0133;1,4033;;0.0;0.0;0.0;0.0;0.0
F170;CABO ELETRICO LINHA1 (MAXFIO);CABO ELETRICO FLEX 0,50MM VERMELHO MAXFIO 100M;0,5;RL;54,198325;0,39;0.0;1;0.0;0,0133;1,4033;;0.0;0.0;0.0;0.0;0.0
F180;CABO ELETRICO LINHA1 (MAXFIO);CABO ELETRICO FLEX 0,50MM PRETO MAXFIO 100M;0,5;RL;54,198325;0,39;0.0;1;0.0;0,0133;1,4033;;0.0;0.0;0.0;0.0;0.0
F181;CABO ELETRICO LINHA1 (MAXFIO);CABO ELETRICO FLEX 0,50MM VERDE MAXFIO 100M;0,5;RL;54,198325;0,39;0.0;1;0.0;0,0133;1,4033;;0.0;0.0;0.0;0.0;0.0
F199;CABO ELETRICO LINHA1 (MAXFIO);CABO ELETRICO FLEX 0,50MM ROXO MAXFIO 100M;0,5;RL;54,198325;0,39;0.0;1;0.0;0,0133;1,4033;;0.0;0.0;0.0;0.0;0.0
F189;CABO ELETRICO LINHA1 (MAXFIO);CABO ELETRICO FLEX 0,75MM AMARELO MAXFIO 100M;0,75;RL;77,438325;0,614;0.0;1;0.0;0,0133;1,6273;;0.0;0.0;0.0;0.0;0.0
F190;CABO ELETRICO LINHA1 (MAXFIO);CABO ELETRICO FLEX 0,75MM VERDE MAXFIO 100M;0,75;RL;77,438325;0,614;0.0;1;0.0;0,0133;1,6273;;0.0;0.0;0.0;0.0;0.0
F191;CABO ELETRICO LINHA1 (MAXFIO);CABO ELETRICO FLEX 0,75MM CINZA MAXFIO 100M;0,75;RL;77,438325;0,614;0.0;1;0.0;0,0133;1,6273;;0.0;0.0;0.0;0.0;0.0
F259;CABO ELETRICO LINHA1 (MAXFIO);CABO ELETRICO FLEX 0,75MM AZUL  MAXFIO 100M;0,75;RL;77,438325;0,614;0.0;1;0.0;0,0133;1,6273;;0.0;0.0;0.0;0.0;0.0
F031;CABO ELETRICO LINHA1 (MAXFIO);CABO ELETRICO FLEX 1,0MM PRETO MAXFIO 450/750V  NBR427 100M;1;RL;94,764575;0,781;0.0;1;0.0;0,0133;1,7943;;0.0;0.0;0.0;0.0;0.0
F171;CABO ELETRICO LINHA1 (MAXFIO);CABO ELETRICO FLEX 0,75MM PRETO MAXFIO 100M;0,75;RL;77,438325;0,614;0.0;1;0.0;0,0133;1,6273;;0.0;0.0;0.0;0.0;0.0
F182;CABO ELETRICO LINHA1 (MAXFIO);CABO ELETRICO FLEX 0,75MM AZUL BIC MAXFIO 100M;0,75;RL;77,438325;0,614;0.0;1;0.0;0,0133;1,6273;;0.0;0.0;0.0;0.0;0.0
F183;CABO ELETRICO LINHA1 (MAXFIO);CABO ELETRICO FLEX 0,75MM BRANCO MAXFIO 100M;0,75;RL;77,438325;0,614;0.0;1;0.0;0,0133;1,6273;;0.0;0.0;0.0;0.0;0.0
F185;CABO ELETRICO LINHA1 (MAXFIO);CABO ELETRICO FLEX 0,75MM MARROM MAXFIO 100M;0,75;RL;77,438325;0,614;0.0;1;0.0;0,0133;1,6273;;0.0;0.0;0.0;0.0;0.0
F188;CABO ELETRICO LINHA1 (MAXFIO);CABO ELETRICO FLEX 0,75MM VERMELHO MAXFIO 100M;0,75;RL;77,438325;0,614;0.0;1;0.0;0,0133;1,6273;;0.0;0.0;0.0;0.0;0.0
F206;CABO ELETRICO LINHA1 (MAXFIO);CABO ELETRICO FLEX 0,75MM LARANJA MAXFIO 100M;0,75;RL;77,438325;0,614;0.0;1;0.0;0,0133;1,6273;;0.0;0.0;0.0;0.0;0.0
F236;CABO ELETRICO LINHA1 (MAXFIO);CABO ELETRICO FLEX 0,75MM LILŃS MAXFIO 100M;0,75;RL;77,438325;0,614;0.0;1;0.0;0,0133;1,6273;;0.0;0.0;0.0;0.0;0.0
F032;CABO ELETRICO LINHA1 (MAXFIO);CABO ELETRICO FLEX 1,0MM VERMELHO MAXFIO 450/750V NBR427 100M;1;RL;94,764575;0,781;0.0;1;0.0;0,0133;1,7943;;0.0;0.0;0.0;0.0;0.0
F033;CABO ELETRICO LINHA1 (MAXFIO);CABO ELETRICO FLEX 1,0MM AMARELO MAXFIO 450/750V  NBR427 100M;1;RL;94,764575;0,781;0.0;1;0.0;0,0133;1,7943;;0.0;0.0;0.0;0.0;0.0
F034;CABO ELETRICO LINHA1 (MAXFIO);CABO ELETRICO FLEX 1,0MM VERDE MAXFIO 450/750V  NBR427 100M;1;RL;94,764575;0,781;0.0;1;0.0;0,0133;1,7943;;0.0;0.0;0.0;0.0;0.0
F195;CABO ELETRICO LINHA1 (MAXFIO);CABO ELETRICO FLEX 1,0MM CINZA MAXFIO 450/750V  NBR427 100M;1;RL;94,764575;0,781;0.0;1;0.0;0,0133;1,7943;;0.0;0.0;0.0;0.0;0.0
F198;CABO ELETRICO LINHA1 (MAXFIO);CABO ELETRICO FLEX 1,0MM LARANJA MAXFIO 450/750V  NBR427 100M;1;RL;94,764575;0,781;0.0;1;0.0;0,0133;1,7943;;0.0;0.0;0.0;0.0;0.0
F172;CABO ELETRICO LINHA1 (MAXFIO);CABO ELETRICO FLEX 1,0MM LILŃS MAXFIO 100M;1;RL;94,764575;0,781;0.0;1;0.0;0,0133;1,7943;;0.0;0.0;0.0;0.0;0.0
F244;CABO ELETRICO LINHA1 (MAXFIO);CABO ELETRICO FLEX 1,5MM LILŃS MAXFIO 100M;1,5;RL;133,150006;1,228;0.0;0,9;0.0;0,0133;2,1413;;0.0;0.0;0.0;0.0;0.0
F030;CABO ELETRICO LINHA1 (MAXFIO);CABO ELETRICO FLEX 10,0MM BRANCO MAXFIO 450/750V NBR247 100M;10;RL;879,7046414;8,038;0.0;3,402;0.0;0,0133;11,4533;;0.0;0.0;0.0;0.0;0.0
F029;CABO ELETRICO LINHA1 (MAXFIO);CABO ELETRICO FLEX 10,0MM AZUL MAXFIO 450/750V NBR247 100M;10;RL;879,7046414;8,038;0.0;3,402;0.0;0,0133;11,4533;;0.0;0.0;0.0;0.0;0.0
F025;CABO ELETRICO LINHA1 (MAXFIO);CABO ELETRICO FLEX 10,0MM PRETO MAXFIO 450/750V NBR247 100M;10;RL;879,7046414;8,038;0.0;3,402;0.0;0,0133;11,4533;;0.0;0.0;0.0;0.0;0.0
F026;CABO ELETRICO LINHA1 (MAXFIO);CABO ELETRICO FLEX 10,0MM VERMELHO MAXFIO 450/750V NBR247 100M;10;RL;879,7046414;8,038;0.0;3,402;0.0;0,0133;11,4533;;0.0;0.0;0.0;0.0;0.0
F027;CABO ELETRICO LINHA1 (MAXFIO);CABO ELETRICO FLEX 10,0MM AMARELO MAXFIO 450/750V NBR247  100M;10;RL;879,7046414;8,038;0.0;3,402;0.0;0,0133;11,4533;;0.0;0.0;0.0;0.0;0.0
F038;CABO ELETRICO LINHA1 (MAXFIO);CABO ELETRICO FLEX 10,0MM MARROM MAXFIO 450/750V NBR247 100M;10;RL;879,7046414;8,038;0.0;3,402;0.0;0,0133;11,4533;;0.0;0.0;0.0;0.0;0.0
F044;CABO ELETRICO LINHA1 (MAXFIO);CABO ELETRICO FLEXIVEL 16,0MM VERDE MAXFIO# 100M;16;RL;1321,458869;12,1;0.0;4,9;0.0;0,03;17,03;;0.0;0.0;0.0;0.0;0.0
F008;CABO ELETRICO LINHA1 (MAXFIO);CABO ELETRICO FLEX 2,5MM VERMELHO MAXFIO 450/750V NBR247 100M;2,5;RL;210,7007857;2;0.0;1;0.0;0,0133;3,0133;;0.0;0.0;0.0;0.0;0.0
F009;CABO ELETRICO LINHA1 (MAXFIO);CABO ELETRICO FLEX 2,5MM AMARELO MAXFIO 450/750V NBR247 100M;2,5;RL;210,7007857;2;0.0;1;0.0;0,0133;3,0133;;0.0;0.0;0.0;0.0;0.0
F010;CABO ELETRICO LINHA1 (MAXFIO);CABO ELETRICO FLEX 2,5MM VERDE MAXFIO 450/750V NBR247 100M;2,5;RL;210,7007857;2;0.0;1;0.0;0,0133;3,0133;;0.0;0.0;0.0;0.0;0.0
F012;CABO ELETRICO LINHA1 (MAXFIO);CABO ELETRICO FLEX 2,5MM BRANCO MAXFIO 450/750V NBR247 100M;2,5;RL;210,7007857;2;0.0;1;0.0;0,0133;3,0133;;0.0;0.0;0.0;0.0;0.0
F197;CABO ELETRICO LINHA1 (MAXFIO);CABO ELETRICO FLEX 2,5MM MARROM MAXFIO 450/750V NBR247 100M;2,5;RL;210,7007857;2;0.0;1;0.0;0,0133;3,0133;;0.0;0.0;0.0;0.0;0.0
F255;CABO ELETRICO LINHA1 (MAXFIO);CABO ELETRICO FLEX 2,5MM LARANJA MAXFIO 450/750V NBR247 100M;2,5;RL;210,7007857;2;0.0;1;0.0;0,0133;3,0133;;0.0;0.0;0.0;0.0;0.0
F013;CABO ELETRICO LINHA1 (MAXFIO);CABO ELETRICO FLEX 4,0MM PRETO MAXFIO 450/750V NBR247 100M;4;RL;347,5115549;3,126;0.0;1,709;0.0;0,0133;4,8483;;0.0;0.0;0.0;0.0;0.0
F014;CABO ELETRICO LINHA1 (MAXFIO);CABO ELETRICO FLEX 4,0MM VERMELHO MAXFIO 450/750V NBR247 100M;4;RL;347,5115549;3,126;0.0;1,709;0.0;0,0133;4,8483;;0.0;0.0;0.0;0.0;0.0
F015;CABO ELETRICO LINHA1 (MAXFIO);CABO ELETRICO FLEX 4,0MM AMARELO MAXFIO 450/750V NBR247 100M;4;RL;347,5115549;3,126;0.0;1,709;0.0;0,0133;4,8483;;0.0;0.0;0.0;0.0;0.0
F237;CABO ELETRICO LINHA1 (MAXFIO);CABO ELETRICO FLEX 4,0MM MARROM MAXFIO 450/750V NBR247 100M;4;RL;347,5115549;3,126;0.0;1,709;0.0;0,0133;4,8483;;0.0;0.0;0.0;0.0;0.0
F258;CABO ELETRICO LINHA1 (MAXFIO);CABO ELETRICO FLEX 4,0MM LILAS MAXFIO 450/750V NBR247 100M;4;RL;347,5115549;3,126;0.0;1,709;0.0;0,0133;4,8483;;0.0;0.0;0.0;0.0;0.0
F023;CABO ELETRICO LINHA1 (MAXFIO);CABO ELETRICO FLEX 6,0MM AZUL MAXFIO 450/750V NBR247 100M;6;RL;528,2156448;4,8;0.0;2,236;0.0;0,0133;7,0493;;0.0;0.0;0.0;0.0;0.0
F019;CABO ELETRICO LINHA1 (MAXFIO);CABO ELETRICO FLEX 6,0MM PRETO MAXFIO 450/750V NBR247 100M;6;RL;528,2156448;4,8;0.0;2,236;0.0;0,0133;7,0493;;0.0;0.0;0.0;0.0;0.0
F020;CABO ELETRICO LINHA1 (MAXFIO);CABO ELETRICO FLEX 6,0MM VERMELHO MAXFIO 450/750V NBR247 100M;6;RL;528,2156448;4,8;0.0;2,236;0.0;0,0133;7,0493;;0.0;0.0;0.0;0.0;0.0
F021;CABO ELETRICO LINHA1 (MAXFIO);CABO ELETRICO FLEX 6,0MM AMARELO MAXFIO 450/750V NBR247 100M;6;RL;528,2156448;4,8;0.0;2,236;0.0;0,0133;7,0493;;0.0;0.0;0.0;0.0;0.0
F022;CABO ELETRICO LINHA1 (MAXFIO);CABO ELETRICO FLEX 6,0MM VERDE MAXFIO 450/750V NBR247 100M;6;RL;528,2156448;4,8;0.0;2,236;0.0;0,0133;7,0493;;0.0;0.0;0.0;0.0;0.0
F187;CABO ELETRICO LINHA1 (MAXFIO);CABO ELETRICO FLEX 6,0MM CINZA MAXFIO 450/750V NBR247 100M;6;RL;528,2156448;4,8;0.0;2,236;0.0;0,0133;7,0493;;0.0;0.0;0.0;0.0;0.0
F035;CABO ELETRICO LINHA1 (MAXFIO);CABO ELETRICO FLEX 1,0MM AZUL BIC MAXFIO 450/750V  NBR427 100M;1;RL;94,764575;0,781;0.0;1;0.0;0,0133;1,7943;;0.0;0.0;0.0;0.0;0.0
F036;CABO ELETRICO LINHA1 (MAXFIO);CABO ELETRICO FLEX 1,0MM BRANCO MAXFIO 450/750V  NBR427 100M;1;RL;94,764575;0,781;0.0;1;0.0;0,0133;1,7943;;0.0;0.0;0.0;0.0;0.0
F037;CABO ELETRICO LINHA1 (MAXFIO);CABO ELETRICO FLEXIVEL 1,0MM MARROM MAXFIO* 100M;1;RL;94,764575;0,781;0.0;1;0.0;0,0133;1,7943;;0.0;0.0;0.0;0.0;0.0
F006;CABO ELETRICO LINHA1 (MAXFIO);CABO ELETRICO FLEX 1,5MM BRANCO MAXFIO 450/750V  NBR427 100M;1,5;RL;133,150006;1,228;0.0;0,9;0.0;0,0133;2,1413;;0.0;0.0;0.0;0.0;0.0
F005;CABO ELETRICO LINHA1 (MAXFIO);CABO ELETRICO FLEX 1,5MM AZUL MAXFIO 450/750V  NBR427 100M;1,5;RL;133,150006;1,228;0.0;0,9;0.0;0,0133;2,1413;;0.0;0.0;0.0;0.0;0.0
F004;CABO ELETRICO LINHA1 (MAXFIO);CABO ELETRICO FLEX 1,5MM VERDE MAXFIO 450/750V  NBR427 100M;1,5;RL;133,150006;1,228;0.0;0,9;0.0;0,0133;2,1413;;0.0;0.0;0.0;0.0;0.0
F001;CABO ELETRICO LINHA1 (MAXFIO);CABO ELETRICO FLEX 1,5MM PRETO MAXFIO 450/750V  NBR247 100M;1,5;RL;133,150006;1,228;0.0;0,9;0.0;0,0133;2,1413;;0.0;0.0;0.0;0.0;0.0
F002;CABO ELETRICO LINHA1 (MAXFIO);CABO ELETRICO FLEX 1,5MM VERMELHO MAXFIO 450/750V NBR427 100M;1,5;RL;133,150006;1,228;0.0;0,9;0.0;0,0133;2,1413;;0.0;0.0;0.0;0.0;0.0
F003;CABO ELETRICO LINHA1 (MAXFIO);CABO ELETRICO FLEX 1,5MM AMARELO MAXFIO 450/750V  NBR427 100M;1,5;RL;133,150006;1,228;0.0;0,9;0.0;0,0133;2,1413;;0.0;0.0;0.0;0.0;0.0
F150;CABO ELETRICO LINHA1 (MAXFIO);CABO ELETRICO FLEXIVEL 1,5MM CINZA MAXFIO# 100M;1,5;RL;133,150006;1,228;0.0;0,9;0.0;0,0133;2,1413;;0.0;0.0;0.0;0.0;0.0
F192;CABO ELETRICO LINHA1 (MAXFIO);CABO ELETRICO FLEX 1,5MM MARROM MAXFIO 450/750V  NBR247 100M;1,5;RL;133,150006;1,228;0.0;0,9;0.0;0,0133;2,1413;;0.0;0.0;0.0;0.0;0.0
F254;CABO ELETRICO LINHA1 (MAXFIO);CABO ELETRICO FLEX 1,5MM ROSA MAXFIO 450/750V  NBR427 100M;1,5;RL;133,150006;1,228;0.0;0,9;0.0;0,0133;2,1413;;0.0;0.0;0.0;0.0;0.0
F257;CABO ELETRICO LINHA1 (MAXFIO);CABO ELETRICO FLEX 1,5MM LARANJA MAXFIO 450/750V NBR247 100M;1,5;RL;133,150006;1,228;0.0;0,9;0.0;0,0133;2,1413;;0.0;0.0;0.0;0.0;0.0
F028;CABO ELETRICO LINHA1 (MAXFIO);CABO ELETRICO FLEX 10,0MM VERDE MAXFIO 450/750V NBR247 100M;10;RL;879,7046414;8,038;0.0;3,402;0.0;0,0133;11,4533;;0.0;0.0;0.0;0.0;0.0
F041;CABO ELETRICO LINHA1 (MAXFIO);CABO ELETRICO FLEXIVEL 16,0MM PRETO MAXFIO# 100M;16;RL;1321,458869;12,1;0.0;4,9;0.0;0,03;17,03;;0.0;0.0;0.0;0.0;0.0
F158;CABO ELETRICO LINHA1 (MAXFIO);CABO ELETRICO FLEX 16,0MM PRETO MAXFIO 450/750 NBR427 100M;16;RL;1321,458869;12,1;0.0;4,9;0.0;0,03;17,03;;0.0;0.0;0.0;0.0;0.0
F159;CABO ELETRICO LINHA1 (MAXFIO);CABO ELETRICO FLEX 16,0MM AZUL MAXFIO 450/750 NBR427 100M;16;RL;1321,458869;12,1;0.0;4,9;0.0;0,03;17,03;;0.0;0.0;0.0;0.0;0.0
F161;CABO ELETRICO LINHA1 (MAXFIO);CABO ELETRICO FLEX 16,0MM VERMELHO MAXFIO 450/750 NBR427 100M;16;RL;1321,458869;12,1;0.0;4,9;0.0;0,03;17,03;;0.0;0.0;0.0;0.0;0.0
F184;CABO ELETRICO LINHA1 (MAXFIO);CABO ELETRICO FLEX 16,0MM BRANCO MAXFIO 450/750 NBR427 100M;16;RL;1321,458869;12,1;0.0;4,9;0.0;0,03;17,03;;0.0;0.0;0.0;0.0;0.0
F167;CABO ELETRICO LINHA1 (MAXFIO);CABO ELETRICO FLEX 16,0MM PRETO MAXFIO 450/750 NBR427 100M RL;16;RL;1321,458869;12,1;0.0;4,9;0.0;0,03;17,03;;0.0;0.0;0.0;0.0;0.0
F011;CABO ELETRICO LINHA1 (MAXFIO);CABO ELETRICO FLEX 2,5MM AZUL MAXFIO 450/750V NBR247 100M;2,5;RL;210,7007857;2;0.0;1;0.0;0,0133;3,0133;;0.0;0.0;0.0;0.0;0.0
F007;CABO ELETRICO LINHA1 (MAXFIO);CABO ELETRICO FLEX 2,5MM PRETO MAXFIO 450/750V NBR247 100M;2,5;RL;210,7007857;2;0.0;1;0.0;0,0133;3,0133;;0.0;0.0;0.0;0.0;0.0
F166;CABO ELETRICO LINHA1 (MAXFIO);CABO ELETRICO FLEX 2,5MM CINZA MAXFIO 450/750V NBR247 100M;2,5;RL;210,7007857;2;0.0;1;0.0;0,0133;3,0133;;0.0;0.0;0.0;0.0;0.0
F245;CABO ELETRICO LINHA1 (MAXFIO);CABO ELETRICO FLEX 2,5MM LILŃS MAXFIO 100M;2,5;RL;210,7007857;2;0.0;1;0.0;0,0133;3,0133;;0.0;0.0;0.0;0.0;0.0
F016;CABO ELETRICO LINHA1 (MAXFIO);CABO ELETRICO FLEX 4,0MM VERDE MAXFIO 450/750V NBR247 100M;4;RL;347,5115549;3,126;0.0;1,709;0.0;0,0133;4,8483;;0.0;0.0;0.0;0.0;0.0
F017;CABO ELETRICO LINHA1 (MAXFIO);CABO ELETRICO FLEX 4,0MM AZUL MAXFIO 450/750V NBR247 100M;4;RL;347,5115549;3,126;0.0;1,709;0.0;0,0133;4,8483;;0.0;0.0;0.0;0.0;0.0
F018;CABO ELETRICO LINHA1 (MAXFIO);CABO ELETRICO FLEX 4,0MM BRANCO MAXFIO 450/750V NBR247 100M;4;RL;347,5115549;3,126;0.0;1,709;0.0;0,0133;4,8483;;0.0;0.0;0.0;0.0;0.0
F024;CABO ELETRICO LINHA1 (MAXFIO);CABO ELETRICO FLEX 6,0MM BRANCO MAXFIO 450/750V NBR247 100M;6;RL;528,2156448;4,8;0.0;2,236;0.0;0,0133;7,0493;;0.0;0.0;0.0;0.0;0.0
PP034B;CABO ELETRICO LINHA1 (MAXFIO);CABO DE CONTROLE 2X1,0MM PRETO MAXFIO# METRO (BOBINA);2X1,0;M;1,734589474;1,2;0.0;2,64;0;0;3,84;;0.0;0.0;0.0;0.0;0.0
PP036B;CABO ELETRICO LINHA1 (MAXFIO);CABO DE CONTROLE 5X2,5MM PRETO MAXFIO METRO;5X2,5;M;11,99203947;9;0.0;13,5;0.0;0.0;22,5;;0.0;0.0;0.0;0.0;0.0
PP062B;CABO ELETRICO LINHA1 (MAXFIO);CABO DE CONTROLE 3X1,0MM PRETO MAXFIO# METRO (BOBINA);3X1,0;M;2,601226316;1,8;0.0;3,96;0.0;0.0;5,76;;0.0;0.0;0.0;0.0;0.0
PP004B;CABO ELETRICO LINHA1 (MAXFIO);CABO DE CONTROLE 3X1,5MM PRETO MAXFIO# METRO (BOBINA);3X1,5;M;4,835394737;3,4;0.0;7;0.0;0.0;10,4;;0.0;0.0;0.0;0.0;0.0
PP063B;CABO ELETRICO LINHA1 (MAXFIO);CABO DE CONTROLE PP 3X10,0MM PRETO MAXFIO# METRO (BOBINA);3X10,0;M;28,69388158;24;0.0;15,5;0.0;0.0;39,5;;0.0;0.0;0.0;0.0;0.0
PP040B;CABO ELETRICO LINHA1 (MAXFIO);CABO DE CONTROLE 3X6,0MM PRETO MAXFIO# METRO (BOBINA);3X6,0;M;17,37986842;14,3;0.0;11;0.0;0.0;25,3;;0.0;0.0;0.0;0.0;0.0
PP035B;CABO ELETRICO LINHA1 (MAXFIO);CABO DE CONTROLE 4X1,0MM PRETO MAXFIO METRO;4X1,0;M;3,467863158;2,4;0.0;5,28;0.0;0.0;7,68;;0.0;0.0;0.0;0.0;0.0
PP059B;CABO ELETRICO LINHA1 (MAXFIO);CABO DE CONTROLE 4X16,0MM PRETO MAXFIO METRO;4X16,0;M;57,22631579;48;0.0;30;0.0;0.0;78;;0.0;0.0;0.0;0.0;0.0
PP066B;CABO ELETRICO LINHA1 (MAXFIO);CABO DE CONTROLE 4X6,0MM PRETO MAXFIO METRO;4X6,0;M;23,31342105;19;0.0;16;0.0;0.0;35;;0.0;0.0;0.0;0.0;0.0
PP067B;CABO ELETRICO LINHA1 (MAXFIO);CABO DE CONTROLE 7X1,0MM PRETO MAXFIO# METRO (BOBINA);7X1,0;M;5,869210526;4,2;0.0;8;0.0;0.0;12,2;;0.0;0.0;0.0;0.0;0.0
PP073B;CABO ELETRICO LINHA1 (MAXFIO);CABO DE CONTROLE 7X2,5MM PRETO MAXFIO# METRO (BOBINA);7X2,5;M;17,28473684;12,6;0.0;22;0.0;0.0;34,6;;0.0;0.0;0.0;0.0;0.0
PP076B;CABO ELETRICO LINHA1 (MAXFIO);CABO DE CONTROLE 2X10,0MM PRETO MAXFIO# METRO (BOBINA);2X10,0;M;19,68032895;15,6;0.0;16,5;0.0;0.0;32,1;;0.0;0.0;0.0;0.0;0.0
PP071B;CABO ELETRICO LINHA1 (MAXFIO);CABO DE CONTROLE PP 4X1,5MM BRANCO  MAXFIO METRO (BOBINA);4X1,5;M;6,233245614;4,533333333;0.0;8;0.0;0.0;12,53333333;;0.0;0.0;0.0;0.0;0.0
PP104B;CABO ELETRICO LINHA1 (MAXFIO);CABO DE CONTROLE 7X2,5MM  1KV PRETO MAXFIO# METRO (BOBINA);7X2,5;M;17,28473684;12,6;0.0;22;0.0;0.0;34,6;;0.0;0.0;0.0;0.0;0.0
PP003B;CABO ELETRICO LINHA1 (MAXFIO);CABO DE CONTROLE 2X4,0MM PRETO MAXFIO# METRO (BOBINA);2X4,0;M;8,075197368;6;0.0;9,5;0.0;0.0;15,5;;0.0;0.0;0.0;0.0;0.0
PP006B;CABO ELETRICO LINHA1 (MAXFIO);CABO DE CONTROLE 2X6,0MM PRETO MAXFIO# METRO (BOBINA);2X6,0;M;12,05257237;9,4;0.0;11,15;0.0;0.0;20,55;;0.0;0.0;0.0;0.0;0.0
PP078B;CABO ELETRICO LINHA1 (MAXFIO);CABO DE CONTROLE PP 3X16,0MM PRETO MAXFIO# METRO (BOBINA);3X16,0;M;42,78171053;35,8;0.0;23;0.0;0.0;58,8;;0.0;0.0;0.0;0.0;0.0
PP005B;CABO ELETRICO LINHA1 (MAXFIO);CABO DE CONTROLE 3X2,5MM PRETO MAXFIO# METRO (BOBINA);3X2,5;M;7,320973684;5,5;0.0;8,2;0.0;0.0;13,7;;0.0;0.0;0.0;0.0;0.0
PP018B;CABO ELETRICO LINHA1 (MAXFIO);CABO DE CONTROLE 3X4,0MM PRETO MAXFIO# METRO (BOBINA);3X4,0;M;11,57441711;9,1;0.0;10,21;0.0;0.0;19,31;;0.0;0.0;0.0;0.0;0.0
PP046B;CABO ELETRICO LINHA1 (MAXFIO);CABO DE CONTROLE 5X1,5MM PRETO MAXFIO METRO;5X1,5;M;7,702407895;5,6;0.0;9,9;0.0;0.0;15,5;;0.0;0.0;0.0;0.0;0.0
PP039B;CABO ELETRICO LINHA1 (MAXFIO);CABO DE CONTROLE 4X4,0MM PRETO MAXFIO# METRO (BOBINA);4X4,0;M;15,41407895;12,5;0.0;11;0.0;0.0;23,5;;0.0;0.0;0.0;0.0;0.0
PP056B;CABO ELETRICO LINHA1 (MAXFIO);CABO DE CONTROLE 6X1,0MM PRETO MAXFIO METRO;6X1,0;M;5,422118421;3,6;0.0;9,3;0.0;0.0;12,9;;0.0;0.0;0.0;0.0;0.0
PP057B;CABO ELETRICO LINHA1 (MAXFIO);CABO DE CONTROLE 6X1,5MM PRETO MAXFIO METRO;6X1,5;M;9,101710526;6,72;0.0;11;0.0;0.0;17,72;;0.0;0.0;0.0;0.0;0.0
PP077B;CABO ELETRICO LINHA1 (MAXFIO);CABO DE CONTROLE 6X1,5MM BRANCO MAXFIO METRO;6X1,5;M;9,101710526;6,72;0.0;11;0.0;0.0;17,72;;0.0;0.0;0.0;0.0;0.0
PP074B;CABO HEPR 1KV 90¬ļ - MAXFIO;CABO DE CONTROLE PP 3X4,0MM PRETO 1KV MAXFIO# METRO (BOBINA);3X4,0;M;11,57441711;9,1;0.0;10,21;0.0;0.0;19,31;;0.0;0.0;0.0;0.0;0.0
PP045B;CABO HEPR 1KV 90¬ļ - MAXFIO;CABO DE CONTROLE PP4X4,0MM AMARELO 1KV MAXFIO METRO (BOBINA);4X4,0;M;15,41407895;12,5;0.0;11;0.0;0.0;23,5;;0.0;0.0;0.0;0.0;0.0
PP064B;CABO HEPR 1KV 90¬ļ - MAXFIO;CABO DE CONTROLE PP 5X2,5MM PRETO 1KV MAXFIO METRO (BOBINA);5X2,5;M;11,99203947;9;0.0;13,5;0.0;0.0;22,5;;0.0;0.0;0.0;0.0;0.0
PP075B;CABO HEPR 1KV 90¬ļ - MAXFIO;CABO DE CONTROLE PP 6X1,0MM PRETO 1KV MAXFIO METRO (BOBINA);6X1,0;M;5,422118421;3,6;0.0;9,3;0.0;0.0;12,9;;0.0;0.0;0.0;0.0;0.0
PP079B;CABO HEPR 1KV 90¬ļ - MAXFIO;CABO DE CONTROLE PP 6X2,5MM PRETO 1KV MAXFIO METRO (BOBINA);6X2,5;M;14,83855263;10,8;0.0;19;0.0;0.0;29,8;;0.0;0.0;0.0;0.0;0.0
PP080B;CABO HEPR 1KV 90¬ļ - MAXFIO;CABO DE CONTROLE PP 6X1,5MM BRANCO 1KV MAXFIO METRO (BOBINA);6X1,5;M;9,101710526;6,72;0.0;11;0.0;0.0;17,72;;0.0;0.0;0.0;0.0;0.0
PP089B;CABO HEPR 1KV 90¬ļ - MAXFIO;CABO DE CONTROLE PP 5X1,5MM PRETO 1KV MAXFIO METRO (BOBINA);5X1,5;M;7,702407895;5,6;0.0;9,9;0.0;0.0;15,5;;0.0;0.0;0.0;0.0;0.0
PP090B;CABO HEPR 1KV 90¬ļ - MAXFIO;CABO DE CONTROLE PP 7X1,5MM PRETO 1KV MAXFIO METRO (BOBINA);7X1,5;M;10,64513158;7,84;0.0;13;0.0;0.0;20,84;;0.0;0.0;0.0;0.0;0.0
PP092B;CABO HEPR 1KV 90¬ļ - MAXFIO;CABO DE CONTROLE PP 6X1,5MM PRETO 1KV MAXFIO METRO (BOBINA);6X1,5;M;9,101710526;6,72;0.0;11;0.0;0.0;17,72;;0.0;0.0;0.0;0.0;0.0
PP093B;CABO HEPR 1KV 90¬ļ - MAXFIO;CABO DE CONTROLE PP 7x1,0MM PRETO 1KV MAXFIO METRO (BOBINA);7x1,0;M;5,869210526;4,2;0.0;8;0.0;0.0;12,2;;0.0;0.0;0.0;0.0;0.0
PP094B;CABO HEPR 1KV 90¬ļ - MAXFIO;CABO DE CONTROLE 3X16,0MM PRETO MAXFIO HEPR 1KV METRO;3X16,0;M;42,78171053;35,8;0.0;23;0.0;0.0;58,8;;0.0;0.0;0.0;0.0;0.0
PP096B;CABO HEPR 1KV 90¬ļ - MAXFIO;CABO DE CONTROLE 2x16,0MM PRETO MAXFIO HEPR 1KV METRO;2x16,0;M;29,54546053;23,9;0.0;21,5;0.0;0.0;45,4;;0.0;0.0;0.0;0.0;0.0
PP097B;CABO HEPR 1KV 90¬ļ - MAXFIO;CABO DE CONTROLE 2X25,0MM PRETO MAXFIO HEPR 1KV METRO;2X25,0;M;44,88363158;35,5;0.0;36,8;0.0;0.0;73,3;;0.0;0.0;0.0;0.0;0.0
PP025B;CABO HEPR 1KV 90¬ļ - MAXFIO;CABO DE CONTROLE PP 4X1,5MM PRETO 1KV MAXFIO METRO (BOBINA);4X1,5;M;6,233245614;4,533333333;0.0;8;0.0;0.0;12,53333333;;0.0;0.0;0.0;0.0;0.0
PP026B;CABO HEPR 1KV 90¬ļ - MAXFIO;CABO DE CONTROLE PP 4X4,0MM PRETO 1KV MAXFIO METRO (BOBINA);4X4,0;M;15,41407895;12,5;0.0;11;0.0;0.0;23,5;;0.0;0.0;0.0;0.0;0.0
PP041B;CABO HEPR 1KV 90¬ļ - MAXFIO;CABO DE CONTROLE PP3X2,5MM PRETO 1KV MAXFIO METRO (BOBINA);3X2,5;M;7,320973684;5,5;0.0;8,2;0.0;0.0;13,7;;0.0;0.0;0.0;0.0;0.0
PP048B;CABO HEPR 1KV 90¬ļ - MAXFIO;CABO DE CONTROLE PP 2X2,5MM PRETO 1KV MAXFIO METRO (BOBINA);2X2,5;M;4,925710526;3,6;0.0;6,2;0.0;0.0;9,8;;0.0;0.0;0.0;0.0;0.0
PP049B;CABO HEPR 1KV 90¬ļ - MAXFIO;CABO DE CONTROLE PP 2X1,0MM PRETO 1KV MAXFIO METRO (BOBINA);2X1,0;M;1,734589474;1,2;0.0;2,64;0.0;0.0;3,84;;0.0;0.0;0.0;0.0;0.0
PP068B;CABO HEPR 1KV 90¬ļ - MAXFIO;CABO DE CONTROLE PP 2X4,0MM PRETO 1KV MAXFIO METRO (BOBINA);2X4,0;M;8,075197368;6;0.0;9,5;0.0;0.0;15,5;;0.0;0.0;0.0;0.0;0.0
PP091B;CABO HEPR 1KV 90¬ļ - MAXFIO;CABO DE CONTROLE 4X16,0MM PRETO MAXFIO HEPR 1KV METRO;4X16,0;M;57,22631579;48;0.0;30;0.0;0.0;78;;0.0;0.0;0.0;0.0;0.0
PP069B;CABO HEPR 1KV 90¬ļ - MAXFIO;CABO DE CONTROLE PP 4X2,5MM PRETO 1KV MAXFIO METRO (BOBINA);4X2,5;M;9,385723684;7,2;0.0;9,5;0.0;0.0;16,7;;0.0;0.0;0.0;0.0;0.0
PP081B;CABO HEPR 1KV 90¬ļ - MAXFIO;CABO DE CONTROLE PP 5X1,5MM BRANCO 1KV MAXFIO METRO (BOBINA);5X1,5;M;7,702407895;5,6;0.0;9,9;0.0;0.0;15,5;;0.0;0.0;0.0;0.0;0.0
PP082B;CABO HEPR 1KV 90¬ļ - MAXFIO;CABO DE CONTROLE PP 4X1,5MM BRANCO 1KV MAXFIO METRO (BOBINA);4X1,5;M;6,233245614;4,533333333;0.0;8;0.0;0.0;12,53333333;;0.0;0.0;0.0;0.0;0.0
PP084B;CABO HEPR 1KV 90¬ļ - MAXFIO;CABO DE CONTROLE PP 3X1,5MM BRANCO 1KV MAXFIO METRO (BOBINA);3X1,5;M;4,835394737;3,4;0.0;7;0.0;0.0;10,4;;0.0;0.0;0.0;0.0;0.0
PP085B;CABO HEPR 1KV 90¬ļ - MAXFIO;CABO DE CONTROLE PP 2X10,0MM PRETO 1KV MAXFIO METRO (BOBINA);2X10,0;M;19,68032895;15,6;0.0;16,5;0.0;0.0;32,1;;0.0;0.0;0.0;0.0;0.0
PP086B;CABO HEPR 1KV 90¬ļ - MAXFIO;CABO DE CONTROLE PP 3X1,0MM PRETO 1KV MAXFIO METRO (BOBINA);3X1,0;M;2,601226316;1,8;0.0;3,96;0.0;0.0;5,76;;0.0;0.0;0.0;0.0;0.0
PP070B;CABO HEPR 1KV 90¬ļ - MAXFIO;CABO DE CONTROLE PP 4X10,0MM PRETO 1KV MAXFIO METRO (BOBINA);4X10,0;M;37,99118421;32;0.0;19;0.0;0.0;51;;0.0;0.0;0.0;0.0;0.0
PP027B;CABO HEPR 1KV 90¬ļ - MAXFIO;CABO DE CONTROLE PP 4X6,0MM PRETO 1KV MAXFIO METRO (BOBINA);4X6,0;M;23,31342105;19;0.0;16;0.0;0.0;35;;0.0;0.0;0.0;0.0;0.0
PP028B;CABO HEPR 1KV 90¬ļ - MAXFIO;CABO DE CONTROLE PP 3X6,0MM PRETO 1KV MAXFIO METRO (BOBINA);3X6,0;M;17,37986842;14,3;0.0;11;0.0;0.0;25,3;;0.0;0.0;0.0;0.0;0.0
PP031B;CABO HEPR 1KV 90¬ļ - MAXFIO;CABO DE CONTROLE PP 3X10,0MM PRETO 1KV MAXFIO METRO (BOBINA);3X10,0;M;28,69388158;24;0.0;15,5;0.0;0.0;39,5;;0.0;0.0;0.0;0.0;0.0
PP054B;CABO HEPR 1KV 90¬ļ - MAXFIO;CABO DE CONTROLE PP 2X6,0MM PRETO 1KV MAXFIO METRO (BOBINA);2X6,0;M;12,05257237;9,4;0.0;11,15;0.0;0.0;20,55;;0.0;0.0;0.0;0.0;0.0
PP055B;CABO HEPR 1KV 90¬ļ - MAXFIO;CABO DE CONTROLE PP 3X1,5MM PRETO 1KV MAXFIO METRO (BOBINA);3X1,5;M;4,835394737;3,4;0.0;7;0.0;0.0;10,4;;0.0;0.0;0.0;0.0;0.0
PP087B;CABO HEPR 1KV 90¬ļ - MAXFIO;CABO DE CONTROLE PP 5X1,0MM PRETO 1KV MAXFIO METRO (BOBINA);5X1,0;M;4,3345;3;0.0;6,6;0.0;0.0;9,6;;0.0;0.0;0.0;0.0;0.0
PP088B;CABO HEPR 1KV 90¬ļ - MAXFIO;CABO DE CONTROLE PP 4X1,0MM PRETO 1KV MAXFIO METRO (BOBINA);4X1,0;M;3,467863158;2,4;0.0;5,28;0.0;0.0;7,68;;0.0;0.0;0.0;0.0;0.0
PP100B;CABO HEPR 1KV 90¬ļ - MAXFIO;CABO DE CONTROLE PP 6X1,0MM BRANCO 1KV MAXFIO METRO (BOBINA);6X1,0;M;5,422118421;3,6;0.0;9,3;0.0;0.0;12,9;;0.0;0.0;0.0;0.0;0.0
PRODUTOS N√O CADASTRADOS - PRODUTOS SEM FICHA T…CNICA ;;;;;;;;;;;;;;;;;
K117;CABO ELETRICO LINHA1 (MAXFIO);CABO ELETRICO FLEX HEPR 2,5MM ATOX†PRETO†1KV†90ļ;2,5;M;#N/D;#N/D;0.0;#N/D;0.0;0,0133;#N/D;;0.0;0.0;0.0;0.0;0.0
K118;CABO ELETRICO LINHA1 (MAXFIO);CABO ELETRICO FLEX HEPR 2,5MM ATOX†VERMELHO†1KV†90ļ;2,5;M;#N/D;#N/D;0.0;#N/D;0.0;0,0133;#N/D;;0.0;0.0;0.0;0.0;0.0
K119;CABO ELETRICO LINHA1 (MAXFIO);CABO ELETRICO FLEX HEPR 2,5MM ATOX†VERDE†1KV†90ļ;2,5;M;#N/D;#N/D;0.0;#N/D;0.0;0,0133;#N/D;;0.0;0.0;0.0;0.0;0.0
K004I;CABO HEPR 1KV 90¬ļ - MAXFIO;CABO ELETRICO FLEX HEPR 16,0MM PRETO 1KV 90ļ(NAO UTILIZAR);16,0(NAOUTILIZAR);M;#N/D;#N/D;0.0;#N/D;0.0;0,0133;#N/D;;0.0;0.0;0.0;0.0;0.0
K040;CABO HEPR 1KV 90¬ļ - MAXFIO;CABO ELETRICO FLEX HEPR  1,5MM PRETO 1KV 90ļ;1,5;M;#N/D;#N/D;0.0;#N/D;0.0;0,0133;#N/D;;0.0;0.0;0.0;0.0;0.0
K060;CABO HEPR 1KV 90¬ļ - MAXFIO;CABO ELETREFLEX HEPR 1,5MM AZUL 1KV 90ļ;1,5;M;#N/D;#N/D;0.0;#N/D;0.0;0,0133;#N/D;;0.0;0.0;0.0;0.0;0.0
K061;CABO HEPR 1KV 90¬ļ - MAXFIO;CABO ELETREFLEX HEPR 2,5MM PRETO 1KV 90ļ;2,5;M;#N/D;#N/D;0.0;#N/D;0.0;0,0133;#N/D;;0.0;0.0;0.0;0.0;0.0
K069;CABO HEPR 1KV 90¬ļ - MAXFIO;CABO ELETRICO FLEX HEPR 300,0MM AZUL 1KV 90ļ;300;M;#N/D;220;0.0;58;0.0;0,0133;306;;0.0;0.0;0.0;0.0;0.0
K092;CABO HEPR 1KV 90¬ļ - MAXFIO;CABO ELETREFLEX HEPR 2,5MM AMARELO 1KV 90ļ;2,5;M;#N/D;#N/D;0.0;#N/D;0.0;0,0133;#N/D;;0.0;0.0;0.0;0.0;0.0
K097;CABO HEPR 1KV 90¬ļ - MAXFIO;CABO ELETRICO FLEX HEPR 1,5MM BRANCO 1KV 90ļ;1,5;M;#N/D;#N/D;0.0;#N/D;0.0;0,0133;#N/D;;0.0;0.0;0.0;0.0;0.0
K157;CABO HEPR 1KV 90¬ļ - MAXFIO;CABO ELETRICO FLEX XLPE 120,0MM PRETO 1KV 90ļ;XLPE120,0;M;#N/D;#N/D;0.0;#N/D;0.0;0,0133;#N/D;;0.0;0.0;0.0;0.0;0.0
K003I;CABO HEPR 1KV 90¬ļ - MAXFIO;CABO ELETRICO FLEX HEPR 10,0MM AZUL 1KV 90ļ(N√O UTILIZAR);10,0(N√ÉOUTILIZAR);M;#N/D;#N/D;0.0;#N/D;0.0;0,0133;#N/D;;0.0;0.0;0.0;0.0;0.0
K006I;CABO HEPR 1KV 90¬ļ - MAXFIO;CABO ELETRICO FLEX HEPR 16,0MM AZUL 1KV 90ļ(NAO UTILIZAR);16,0(NAOUTILIZAR);M;#N/D;#N/D;0.0;#N/D;0.0;0,0133;#N/D;;0.0;0.0;0.0;0.0;0.0
K059;CABO HEPR 1KV 90¬ļ - MAXFIO;CABO ELETREFLEX HEPR 1,5MM VERMELHO 1KV 90ļ;1,5;M;#N/D;#N/D;0.0;#N/D;0.0;0,0133;#N/D;;0.0;0.0;0.0;0.0;0.0
K066;CABO HEPR 1KV 90¬ļ - MAXFIO;CABO ELETREFLEX HEPR  1KV 90ļ;;M;#N/D;#N/D;0.0;#N/D;0.0;0,0133;#N/D;;0.0;0.0;0.0;0.0;0.0
K068;CABO HEPR 1KV 90¬ļ - MAXFIO;CABO ELETRICO FLEX HEPR 300,0MM PRETO 1KV 90ļ;300;M;#N/D;220;0.0;58;0.0;0,0133;306;;0.0;0.0;0.0;0.0;0.0
K089;CABO HEPR 1KV 90¬ļ - MAXFIO;CABO ELETRICO FLEX HEPR 1,5MM CINZA 1KV 90ļ;1,5;M;#N/D;#N/D;0.0;#N/D;0.0;0,0133;#N/D;;0.0;0.0;0.0;0.0;0.0
K090;CABO HEPR 1KV 90¬ļ - MAXFIO;CABO ELETRICO FLEX HEPR 1,5MM VERDE 1KV 90ļ;1,5;M;#N/D;#N/D;0.0;#N/D;0.0;0,0133;#N/D;;0.0;0.0;0.0;0.0;0.0
K096;CABO HEPR 1KV 90¬ļ - MAXFIO;CABO ELETRICO FLEX HEPR 1,5MM AMARELO 1KV 90ļ;1,5;M;#N/D;#N/D;0.0;#N/D;0.0;0,0133;#N/D;;0.0;0.0;0.0;0.0;0.0
K107;CABO HEPR 1KV 90¬ļ - MAXFIO;CABO ELETRICO FLEX HEPR 300,0MM BRANCO 1KV 90ļ;300;M;#N/D;220;0.0;58;0.0;0,0133;306;;0.0;0.0;0.0;0.0;0.0
K108;CABO HEPR 1KV 90¬ļ - MAXFIO;CABO ELETRICO FLEX HEPR 300,0MM VERDE 1KV 90ļ;300;M;#N/D;220;0.0;58;0.0;0,0133;306;;0.0;0.0;0.0;0.0;0.0
K109;CABO HEPR 1KV 90¬ļ - MAXFIO;CABO ELETRICO FLEX HEPR 300,0MM VERMELHO 1KV 90ļ;300;M;#N/D;220;0.0;58;0.0;0,0133;306;;0.0;0.0;0.0;0.0;0.0
K043;CABO HEPR 1KV 90¬ļ - MAXFIO;CABO ELETRICO FLEX HEPR  2,5MM VERMELHO 1KV 90ļ;2,5;M;#N/D;#N/D;0.0;#N/D;0.0;0,0133;#N/D;;0.0;0.0;0.0;0.0;0.0
K044;CABO HEPR 1KV 90¬ļ - MAXFIO;CABO ELETRICO FLEX HEPR  2,5MM BRANCO 1KV 90ļ;2,5;M;#N/D;#N/D;0.0;#N/D;0.0;0,0133;#N/D;;0.0;0.0;0.0;0.0;0.0
K045;CABO HEPR 1KV 90¬ļ - MAXFIO;CABO ELETRICO FLEX HEPR  2,5MM AZUL 1KV 90ļ;2,5;M;#N/D;#N/D;0.0;#N/D;0.0;0,0133;#N/D;;0.0;0.0;0.0;0.0;0.0
K046;CABO HEPR 1KV 90¬ļ - MAXFIO;CABO ELETRICO FLEX HEPR  2,5MM VERDE 1KV 90ļ;2,5;M;#N/D;#N/D;0.0;#N/D;0.0;0,0133;#N/D;;0.0;0.0;0.0;0.0;0.0
K085;CABO HEPR 1KV 90¬ļ - MAXFIO;CABO ELETREFLEX HEPR 2,5MM CINZA 1KV 90ļ;2,5;M;#N/D;#N/D;0.0;#N/D;0.0;0,0133;#N/D;;0.0;0.0;0.0;0.0;0.0
K104;CABO HEPR 1KV 90¬ļ - MAXFIO;CABO ELETRICO FLEX HEPR 400,0MM PRETO 1KV 90ļ;400;M;#N/D;#N/D;0.0;#N/D;0.0;0,0133;#N/D;;0.0;0.0;0.0;0.0;0.0
F043B;CABO ELETRICO LINHA1 (MAXFIO);CABO ELETRICO FLEXIVEL 35,0MM PRETO MAXFIO#  METRO (BOBINA);35;M;#N/D;#N/D;0.0;#N/D;0.0;0.0;0.0;;0.0;0.0;0.0;0.0;0.0
F047B;CABO ELETRICO LINHA1 (MAXFIO);CABO ELETRICO FLEXIVEL 35,0MM AZUL MAXFIO# 100M;35;M;#N/D;#N/D;0.0;#N/D;0.0;0.0;0.0;;0.0;0.0;0.0;0.0;0.0
F048B;CABO ELETRICO LINHA1 (MAXFIO);CABO ELETRICO FLEXIVEL 35,0MM VERMELHO MAXFIO# 100M;35;M;#N/D;#N/D;0.0;#N/D;0.0;0.0;0.0;;0.0;0.0;0.0;0.0;0.0
F196B;CABO ELETRICO LINHA1 (MAXFIO);CABO ELETRICO FLEX 0,50MM CINZA MAXFIO METRO (BOBINA);0;M;#N/D;#N/D;0.0;#N/D;0.0;0.0;0.0;;0.0;0.0;0.0;0.0;0.0
F180B;CABO ELETRICO LINHA1 (MAXFIO);CABO ELETRICO FLEX 0,50MM PRETO MAXFIO METRO (BOBINA);0;M;#N/D;#N/D;0.0;#N/D;0.0;0.0;0.0;;0.0;0.0;0.0;0.0;0.0
F042B;CABO ELETRICO LINHA1 (MAXFIO);CABO ELETRICO FLEXIVEL 25,0MM PRETO MAXFIO# METRO (BOBINA);25;M;#N/D;#N/D;0.0;#N/D;0.0;0.0;0.0;;0.0;0.0;0.0;0.0;0.0
F046B;CABO ELETRICO LINHA1 (MAXFIO);CABO ELETRICO FLEXIVEL 25,0MM VERMELHO MAXFIO# METRO (BOBINA);25;M;#N/D;#N/D;0.0;#N/D;0.0;0.0;0.0;;0.0;0.0;0.0;0.0;0.0
F045B;CABO ELETRICO LINHA1 (MAXFIO);CABO ELETRICO FLEXIVEL 25,0MM AZUL MAXFIO# METRO (BOBINA);25;M;#N/D;#N/D;0.0;#N/D;0.0;0.0;0.0;;0.0;0.0;0.0;0.0;0.0
F051;CABO ELETRICO LINHA1 (MAXFIO);CABO ELETRICO FLEXIVEL 25,0MM VERDE MAXFIO# 100M;25;M;#N/D;#N/D;0.0;#N/D;0.0;0.0;0.0;;0.0;0.0;0.0;0.0;0.0
F051B;CABO ELETRICO LINHA1 (MAXFIO);CABO ELETRICO FLEXIVEL 25,0MM VERDE MAXFIO# METRO;25;M;#N/D;#N/D;0.0;#N/D;0.0;0.0;0.0;;0.0;0.0;0.0;0.0;0.0
F174B;CABO ELETRICO LINHA1 (MAXFIO);CABO ELETRICO FLEXIVEL 35,0MM VERDE MAXFIO# METRO;35;M;#N/D;#N/D;0.0;#N/D;0.0;0.0;0.0;;0.0;0.0;0.0;0.0;0.0
F175B;CABO ELETRICO LINHA1 (MAXFIO);CABO ELETRICO FLEXIVEL 50,0MM PRETO MAXFIO# METRO;50;M;#N/D;#N/D;0.0;#N/D;0.0;0.0;0.0;;0.0;0.0;0.0;0.0;0.0
F176B;CABO ELETRICO LINHA1 (MAXFIO);CABO ELETRICO FLEXIVEL 50,0MM VERDE MAXFIO# METRO;50;M;#N/D;#N/D;0.0;#N/D;0.0;0.0;0.0;;0.0;0.0;0.0;0.0;0.0
F072B;CABO ELETRICO LINHA1 (MAXFIO);CABO ELETRICO FLEXIVEL 95,0MM PRETO METRO;95;M;#N/D;#N/D;0.0;#N/D;0.0;0.0;0.0;;0.0;0.0;0.0;0.0;0.0
F173B;CABO ELETRICO LINHA1 (MAXFIO);CABO ELETRICO FLEXIVEL 95,0MM AZUL METRO;95;M;#N/D;#N/D;0.0;#N/D;0.0;0.0;0.0;;0.0;0.0;0.0;0.0;0.0
F256B;CABO ELETRICO LINHA1 (MAXFIO);CABO ELETRICO FLEX 120,0MM AZUL MAXFIO 450/750V  NBR427 METRO(BOBINA);120;M;#N/D;#N/D;0.0;#N/D;0.0;0.0;0.0;;0.0;0.0;0.0;0.0;0.0
F193;CABO ELETRICO LINHA1 (MAXFIO);CABO ELETRICO FLEX 0,50MM MARROM MAXFIO 100M;0;RL;#N/D;#N/D;0.0;#N/D;0.0;#N/D;#N/D;;0.0;0.0;0.0;0.0;0.0
F194;CABO ELETRICO LINHA1 (MAXFIO);CABO ELETRICO FLEX 0,50MM AMARELO MAXFIO 100M;0;RL;#N/D;#N/D;0.0;#N/D;0.0;#N/D;#N/D;;0.0;0.0;0.0;0.0;0.0
F196;CABO ELETRICO LINHA1 (MAXFIO);CABO ELETRICO FLEX 0,50MM CINZA MAXFIO 100M;0;RL;#N/D;#N/D;0.0;#N/D;0.0;#N/D;#N/D;;0.0;0.0;0.0;0.0;0.0
F174;CABO ELETRICO LINHA1 (MAXFIO);CABO ELETRICO FLEXIVEL 35,0MM VERDE MAXFIO# 100M;35;RL;#N/D;#N/D;0.0;#N/D;0.0;#N/D;#N/D;;0.0;0.0;0.0;0.0;0.0
F072;CABO ELETRICO LINHA1 (MAXFIO);CABO ELETRICO FLEXIVEL 95,0MM PRETO 100M;95;RL;#N/D;#N/D;0.0;#N/D;0.0;#N/D;#N/D;;0.0;0.0;0.0;0.0;0.0
F042;CABO ELETRICO LINHA1 (MAXFIO);CABO ELETRICO FLEXIVEL 25,0MM PRETO MAXFIO# 100M;25;RL;#N/D;#N/D;0.0;#N/D;0.0;#N/D;#N/D;;0.0;0.0;0.0;0.0;0.0
F045;CABO ELETRICO LINHA1 (MAXFIO);CABO ELETRICO FLEXIVEL 25,0MM AZUL MAXFIO# 100M;25;RL;#N/D;#N/D;0.0;#N/D;0.0;#N/D;#N/D;;0.0;0.0;0.0;0.0;0.0
F046;CABO ELETRICO LINHA1 (MAXFIO);CABO ELETRICO FLEXIVEL 25,0MM VERMELHO MAXFIO# 100M;25;RL;#N/D;#N/D;0.0;#N/D;0.0;#N/D;#N/D;;0.0;0.0;0.0;0.0;0.0
F175;CABO ELETRICO LINHA1 (MAXFIO);CABO ELETRICO FLEXIVEL 50,0MM PRETO MAXFIO# 100M;50;RL;#N/D;#N/D;0.0;#N/D;0.0;#N/D;#N/D;;0.0;0.0;0.0;0.0;0.0
F176;CABO ELETRICO LINHA1 (MAXFIO);CABO ELETRICO FLEXIVEL 50,0MM VERDE MAXFIO# 100M;50;RL;#N/D;#N/D;0.0;#N/D;0.0;#N/D;#N/D;;0.0;0.0;0.0;0.0;0.0
F173;CABO ELETRICO LINHA1 (MAXFIO);CABO ELETRICO FLEXIVEL 95,0MM AZUL 100M;95;RL;#N/D;#N/D;0.0;#N/D;0.0;#N/D;#N/D;;0.0;0.0;0.0;0.0;0.0
PP050B;CABO ELETRICO LINHA1 (MAXFIO);CABO DE CONTROLE 2X0,75MM PRETO MAXFIO METRO (BOBINA);2X0,75;M;#N/D;#N/D;0.0;#N/D;0.0;0.0;#N/D;;0.0;0.0;0.0;0.0;0.0
PP051B;CABO ELETRICO LINHA1 (MAXFIO);CABO DE CONTROLE 3X0,75MM PRETO MAXFIO METRO;3X0,75;M;#N/D;#N/D;0.0;#N/D;0.0;0.0;#N/D;;0.0;0.0;0.0;0.0;0.0
PP044B;CABO ELETRICO LINHA1 (MAXFIO);CABO DE CONTROLE 4X0,75MM PRETO MAXFIO# METRO (BOBINA);4X0,75;M;#N/D;#N/D;0.0;#N/D;0.0;0.0;#N/D;;0.0;0.0;0.0;0.0;0.0
PP052B;CABO ELETRICO LINHA1 (MAXFIO);CABO DE CONTROLE 4X0,50MM PRETO MAXFIO# METRO (BOBINA);4X0,;M;#N/D;#N/D;0.0;#N/D;0.0;0.0;#N/D;;0.0;0.0;0.0;0.0;0.0
PP060B;CABO ELETRICO LINHA1 (MAXFIO);CABO DE CONTROLE PP 6X4,0MM PRETO MAXFIO METRO (BOBINA);6X4,0;M;#N/D;#N/D;0.0;#N/D;0.0;0.0;#N/D;;0.0;0.0;0.0;0.0;0.0
PP019B;CABO ELETRICO LINHA1 (MAXFIO);CABO DE CONTROLE 2X0,50MM PRETO MAXFIO# METRO (BOBINA);2X0,;M;#N/D;#N/D;0.0;#N/D;0.0;0.0;#N/D;;0.0;0.0;0.0;0.0;0.0
PP102B;CABO HEPR 1KV 90¬ļ - MAXFIO;CABO DE CONTROLE PP 5X6,0MM PRETO 1KV MAXFIO METRO (BOBINA);5X6,0;M;#N/D;#N/D;0.0;#N/D;0.0;0.0;#N/D;;0.0;0.0;0.0;0.0;0.0
PP047B;CABO HEPR 1KV 90¬ļ - MAXFIO;CABO DE CONTROLE PP 2X1,5MM PRETO 1KV MAXFIO METRO (BOBINA) -;2X1,5-;M;#N/D;#N/D;0.0;#N/D;0.0;0.0;#N/D;;0.0;0.0;0.0;0.0;0.0
PP101B;CABO HEPR 1KV 90¬ļ - MAXFIO;CABO DE CONTROLE PP 3X25MM PRETO 1KV MAXFIO METRO (BOBINA);3X25;M;#N/D;#N/D;0.0;#N/D;0.0;0.0;#N/D;;0.0;0.0;0.0;0.0;0.0
PP103B;CABO HEPR 1KV 90¬ļ - MAXFIO;CABO DE CONTROLE PP 4X25MM PRETO 1KV MAXFIO METRO (BOBINA);4X25;M;#N/D;#N/D;0.0;#N/D;0.0;0.0;#N/D;;0.0;0.0;0.0;0.0;0.0
PP098B;CABO HEPR 1KV 90¬ļ - MAXFIO;CABO DE CONTROLE PP 5X4MM PRETO 1KV MAXFIO METRO (BOBINA);5X4;M;#N/D;#N/D;0.0;#N/D;0.0;0.0;#N/D;;0.0;0.0;0.0;0.0;0.0
PP099B;CABO HEPR 1KV 90¬ļ - MAXFIO;CABO DE CONTROLE PP 5X10MM PRETO 1KV MAXFIO METRO (BOBINA);5X10;M;#N/D;#N/D;0.0;#N/D;0.0;0.0;#N/D;;0.0;0.0;0.0;0.0;0.0
A034;CABO DE ALUMINIO MULTIPLEXADO;CABO ALUMINIO XLPE 0,6/1KV SINGELO 95,0MM  DIV METRO;CABOALUMINIOXLPE0,6/1KVSINGELO95,0MMDIVMETRO;M;0.0;0.0;0.0;0.0;0.0;0.0;0.0;;0.0;0.0;0.0;0.0;0.0
A035;CABO DE ALUMINIO MULTIPLEXADO;CABO ALUMINIO XLPE 0,6/1KV SINGELO 150,0MM DIV METRO;CABOALUMINIOXLPE0,6/1KVSINGELO150,0MMDIVMETRO;M;0.0;0.0;0.0;0.0;0.0;0.0;0.0;;0.0;0.0;0.0;0.0;0.0
A037;CABO DE ALUMINIO MULTIPLEXADO;CABO ALUMINIO XLPE 0,6/1KV SINGELO 240,0MM 1KV DIV METRO;CABOALUMINIOXLPE0,6/1KVSINGELO240,0MM1KVDIVMETRO;M;0.0;0.0;0.0;0.0;0.0;0.0;0.0;;0.0;0.0;0.0;0.0;0.0
A038;CABO DE ALUMINIO MULTIPLEXADO;CABO ALUMINIO XLPE 0,6/1KV SINGELO 95,0MM 1KV DIV METRO;CABOALUMINIOXLPE0,6/1KVSINGELO95,0MM1KVDIVMETRO;M;0.0;0.0;0.0;0.0;0.0;0.0;0.0;;0.0;0.0;0.0;0.0;0.0
A022;CABO DE ALUMINIO MULTIPLEXADO;CABO ALUMINIO XLPE 0,6/1KV SINGELO 70MM DIV METRO;CABOALUMINIOXLPE0,6/1KVSINGELO70MMDIVMETRO;M;0.0;0.49;0.0;2.12;0.0;0.0;70.200.000.000.000.000;;0.0;0.0;0.0;0.0;0.0
A039;CABO DE ALUMINIO MULTIPLEXADO;CABO ALUMINIO XLPE 0,6/1KV SINGELO 35,0MM 15KV DIV METRO;CABOALUMINIOXLPE0,6/1KVSINGELO35,0MM15KVDIVMETRO;M;0.0;0.0;0.0;0.0;0.0;0.0;0.0;;0.0;0.0;0.0;0.0;0.0
A001;CABO DE ALUMINIO MULTIPLEXADO;CABO ALUMINIO DUPLEX 1X1X10MM+10MM DIV METRO (NEUTRO ISOLADO);CABOALUMINIODUPLEX1X1X10MM+10MMDIVMETRO(NEUTROISOLADO);M;15.526;0.55;0.0;0.36;0.0;0.0;91.25;;0.0;0.0;0.0;0.0;0.0
A002;CABO DE ALUMINIO MULTIPLEXADO;CABO ALUMINIO DUPLEX 1X1X16MM+16MM DIV METRO (NEUTRO ISOLADO);CABOALUMINIODUPLEX1X1X16MM+16MMDIVMETRO(NEUTROISOLADO);M;20.921;8.64;0.0;0.0;0.0;0.0;86650000000000.02;FALTA FICHA T√ČCNICA;0.0;0.0;0.0;0.0;0.0
A003;CABO DE ALUMINIO MULTIPLEXADO;CABO ALUMINIO DUPLEX 1X1X25MM+25MM DIV METRO (NEUTRO ISOLADO);CABOALUMINIODUPLEX1X1X25MM+25MMDIVMETRO(NEUTROISOLADO);M;31.842;1.75;0.0;0.93;0.0;0.0;2.68;;0.0;0.0;0.0;0.0;0.0
A004;CABO DE ALUMINIO MULTIPLEXADO;CABO ALUMINIO DUPLEX 1X1X35MM+35MM DIV METRO (NEUTRO ISOLADO);CABOALUMINIODUPLEX1X1X35MM+35MMDIVMETRO(NEUTROISOLADO);M;41.184;0.25;0.0;12.18;0.0;0.0;37.18;;0.0;0.0;0.0;0.0;0.0
A040;CABO DE ALUMINIO MULTIPLEXADO;CABO ALUMINIO DUPLEX 1X1X10MM+10MM DIV METRO (NEUTRO Nŕ);CABOALUMINIODUPLEX1X1X10MM+10MMDIVMETRO(NEUTRON√ö);M;15.526;0.55;0.0;0.36;0.0;0.0;91.25;;0.0;0.0;0.0;0.0;0.0
A012;CABO DE ALUMINIO MULTIPLEXADO;CABO ALUMINIO QUADRUPLEX 3X1X25MM+25MM DIV METRO (NEUTRO ISOLADO);CABOALUMINIOQUADRUPLEX3X1X25MM+25MMDIVMETRO(NEUTROISOLADO);M;62.763;1.75;0.0;0.93;0.0;0.0;2.68;;0.0;0.0;0.0;0.0;0.0
A014;CABO DE ALUMINIO MULTIPLEXADO;CABO ALUMINIO QUADRUPLEX 3X1X50MM+50MM DIV METRO;CABOALUMINIOQUADRUPLEX3X1X50MM+50MMDIVMETRO;M;110.921;0.35;0.0;0.17;0.0;0.0;0.52;;0.0;0.0;0.0;0.0;0.0
A015;CABO DE ALUMINIO MULTIPLEXADO;CABO ALUMINIO QUADRUPLEX 3X1X70MM+70MM DIV METRO;CABOALUMINIOQUADRUPLEX3X1X70MM+70MMDIVMETRO;M;153.553;0.49;0.0;2.12;0.0;0.0;70.200.000.000.000.000;;0.0;0.0;0.0;0.0;0.0
A016;CABO DE ALUMINIO MULTIPLEXADO;CABO ALUMINIO QUADRUPLEX 3X1X95MM+95MM DIV METRO;CABOALUMINIOQUADRUPLEX3X1X95MM+95MMDIVMETRO;M;208.421;0.66;0.0;2.32;0.0;0.0;8.92;;0.0;0.0;0.0;0.0;0.0
A025;CABO DE ALUMINIO MULTIPLEXADO;CABO ALUMINIO QUADRUPLEX 3X1X120MM+120MM DIV METRO;CABOALUMINIOQUADRUPLEX3X1X120MM+120MMDIVMETRO;M;259.474;0.86;0.0;1.05;0.0;0.0;10251.33;;0.0;0.0;0.0;0.0;0.0
A050;CABO DE ALUMINIO MULTIPLEXADO;CABO ALUMINIO QUADRUPLEX 3X1X35MM+35MM DIV METRO (NEUTRO Nŕ);CABOALUMINIOQUADRUPLEX3X1X35MM+35MMDIVMETRO(NEUTRON√ö);M;82.105;0.25;0.0;12.18;0.0;0.0;37.18;;0.0;0.0;0.0;0.0;0.0
A053;CABO DE ALUMINIO MULTIPLEXADO;CABO ALUMINIO QUADRUPLEX 3X1X150MM+120MM DIV METRO;CABOALUMINIOQUADRUPLEX3X1X150MM+120MMDIVMETRO;M;0.0;10.75;0.0;0.29;0.0;0.0;14951.33;;0.0;0.0;0.0;0.0;0.0
A005;CABO DE ALUMINIO MULTIPLEXADO;CABO ALUMINIO TRIPLEX 2X1X10MM+10MM DIV METRO (NEUTRO ISOLADO);CABOALUMINIOTRIPLEX2X1X10MM+10MMDIVMETRO(NEUTROISOLADO);M;22.632;0.55;0.0;0.36;0.0;0.0;91.25;;0.0;0.0;0.0;0.0;0.0
A006;CABO DE ALUMINIO MULTIPLEXADO;CABO ALUMINIO TRIPLEX 2X1X16MM+16MM DIV METRO (NEUTRO ISOLADO);CABOALUMINIOTRIPLEX2X1X16MM+16MMDIVMETRO(NEUTROISOLADO);M;30.789;8.64;0.0;0.0;0.0;0.0;86650000000000.02;;0.0;0.0;0.0;0.0;0.0
A007;CABO DE ALUMINIO MULTIPLEXADO;CABO ALUMINIO TRIPLEX 2X1X25MM+25MM DIV METRO (NEUTRO ISOLADO);CABOALUMINIOTRIPLEX2X1X25MM+25MMDIVMETRO(NEUTROISOLADO);M;47.105;1.75;0.0;0.93;0.0;0.0;2.68;;0.0;0.0;0.0;0.0;0.0
A051;CABO DE ALUMINIO MULTIPLEXADO;CABO ALUMINIO TRIPLEX 2X1X70MM+70MM DIV METRO (NEUTRO ISOLADO);CABOALUMINIOTRIPLEX2X1X70MM+70MMDIVMETRO(NEUTROISOLADO);M;115.132;0.49;0.0;2.12;0.0;0.0;70.200.000.000.000.000;;0.0;0.0;0.0;0.0;0.0
A021;CABO DE ALUMINIO MULTIPLEXADO;CABO ALUMINIO XLPE 0,6/1KV SINGELO 50MM DIV METRO;CABOALUMINIOXLPE0,6/1KVSINGELO50MMDIVMETRO;M;0.0;0.35;0.0;0.17;0.0;0.0;0.52;;0.0;0.0;0.0;0.0;0.0
A022T;CABO DE ALUMINIO MULTIPLEXADO;CABO ALUMINIO XLPE 0,6/1KV SINGELO 70MM DIV METRO;CABOALUMINIOXLPE0,6/1KVSINGELO70MMDIVMETRO;M;0.0;0.49;0.0;2.12;0.0;0.0;70.200.000.000.000.000;;0.0;0.0;0.0;0.0;0.0
A023;CABO DE ALUMINIO MULTIPLEXADO;CABO ALUMINIO XLPE 0,6/1KV SINGELO 10MM VERMELHO DIV METRO;CABOALUMINIOXLPE0,6/1KVSINGELO10MMVERMELHODIVMETRO;M;6657317312087.77;0.55;0.0;0.36;0.0;0.0;91.25;;0.0;0.0;0.0;0.0;0.0
A030;CABO DE ALUMINIO MULTIPLEXADO;CABO ALUMINIO XLPE 0,6/1KV SINGELO 35MM DIV METRO;CABOALUMINIOXLPE0,6/1KVSINGELO35MMDIVMETRO;M;0.0;0.25;0.0;12.18;0.0;0.0;37.18;;0.0;0.0;0.0;0.0;0.0
A033;CABO DE ALUMINIO MULTIPLEXADO;CABO ALUMINIO XLPE 06/1KV SINGELO 185,0MM DIV METRO;CABOALUMINIOXLPE06/1KVSINGELO185,0MMDIVMETRO;M;0.0;0.0;0.0;0.0;0.0;0.0;0.0;;0.0;0.0;0.0;0.0;0.0
A052;CABO DE ALUMINIO MULTIPLEXADO;CABO ALUMINIO XLPE 0,6/1KV SINGELO 10MM PRETO DIV METRO;CABOALUMINIOXLPE0,6/1KVSINGELO10MMPRETODIVMETRO;M;6657317312087.77;0.55;0.0;0.36;0.0;0.0;91.25;;0.0;0.0;0.0;0.0;0.0
A019;CABO DE ALUMINIO MULTIPLEXADO;CABO ALUMINIO XLPE 0,6/1KV SINGELO 25MM DIV METRO;CABOALUMINIOXLPE0,6/1KVSINGELO25MMDIVMETRO;M;0.0;1.75;0.0;0.93;0.0;0.0;2.68;;0.0;0.0;0.0;0.0;0.0
A026;CABO DE ALUMINIO MULTIPLEXADO;CABO ALUMINIO XLPE 0,6/1KV SINGELO 16MM DIV METRO;CABOALUMINIOXLPE0,6/1KVSINGELO16MMDIVMETRO;M;93716123555149.23;8.64;0.0;0.0;0.0;0.0;86650000000000.02;;0.0;0.0;0.0;0.0;0.0
A0222;CABO DE ALUMINIO MULTIPLEXADO;CABO AL SINGELO 70MM XLPE NEUTRO ISOLADO;CABOALSINGELO70MMXLPENEUTROISOLADO;M;0.0;0.49;0.0;2.12;0.0;0.0;70.200.000.000.000.000;;0.0;0.0;0.0;0.0;0.0
A028;CABO DE ALUMINIO MULTIPLEXADO;CABO ALUMINIO XLPE 0,6/1KV SINGELO 120,0MM DIV METRO;CABOALUMINIOXLPE0,6/1KVSINGELO120,0MMDIVMETRO;M;0.0;0.0;0.0;0.0;0.0;0.0;0.0;;0.0;0.0;0.0;0.0;0.0
A029;CABO DE ALUMINIO MULTIPLEXADO;CABO ALUMINIO EPR 12/20KV SINGELO 50,0MM DIV METRO (BOBINA);CABOALUMINIOEPR12/20KVSINGELO50,0MMDIVMETRO(BOBINA);M;0.0;0.0;0.0;0.0;0.0;0.0;0.0;;0.0;0.0;0.0;0.0;0.0
A041;CABO DE ALUMINIO MULTIPLEXADO;CABO ALUMINIO DUPLEX 1X1X16MM+16MM DIV METRO (NEUTRO Nŕ);CABOALUMINIODUPLEX1X1X16MM+16MMDIVMETRO(NEUTRON√ö);M;20.921;8.64;0.0;0.0;0.0;0.0;86650000000000.02;;0.0;0.0;0.0;0.0;0.0
A042;CABO DE ALUMINIO MULTIPLEXADO;CABO ALUMINIO DUPLEX 1X1X25MM+25MM DIV METRO (NEUTRO Nŕ);CABOALUMINIODUPLEX1X1X25MM+25MMDIVMETRO(NEUTRON√ö);M;31.842;1.75;0.0;0.93;0.0;0.0;2.68;;0.0;0.0;0.0;0.0;0.0
A043;CABO DE ALUMINIO MULTIPLEXADO;CABO ALUMINIO DUPLEX 1X1X35MM+35MM DIV METRO (NEUTRO Nŕ);CABOALUMINIODUPLEX1X1X35MM+35MMDIVMETRO(NEUTRON√ö);M;41.184;0.25;0.0;12.18;0.0;0.0;37.18;;0.0;0.0;0.0;0.0;0.0
A013;CABO DE ALUMINIO MULTIPLEXADO;CABO ALUMINIO QUADRUPLEX 3X1X35MM+35MM DIV METRO (NEUTRO ISOLADO);CABOALUMINIOQUADRUPLEX3X1X35MM+35MMDIVMETRO(NEUTROISOLADO);M;82.105;0.25;0.0;12.18;0.0;0.0;37.18;;0.0;0.0;0.0;0.0;0.0
A010;CABO DE ALUMINIO MULTIPLEXADO;CABO ALUMINIO QUADRUPLEX 3X1X10MM+10MM DIV METRO;CABOALUMINIOQUADRUPLEX3X1X10MM+10MMDIVMETRO;M;3.0;0.55;0.0;0.36;0.0;0.0;91.25;;0.0;0.0;0.0;0.0;0.0
A011;CABO DE ALUMINIO MULTIPLEXADO;CABO ALUMINIO QUADRUPLEX 3X1X16MM+16MM DIV METRO (NEUTRO ISOLADO);CABOALUMINIOQUADRUPLEX3X1X16MM+16MMDIVMETRO(NEUTROISOLADO);M;40.921;8.64;0.0;0.0;0.0;0.0;86650000000000.02;;0.0;0.0;0.0;0.0;0.0
A036;CABO DE ALUMINIO MULTIPLEXADO;CABO ALUMINIO XLPE 0,6/1KV QUADRUPLEX 3X1X120+70MM DIV METRO;CABOALUMINIOXLPE0,6/1KVQUADRUPLEX3X1X120+70MMDIVMETRO;M;153.553;0.49;0.0;2.12;0.0;0.0;70.200.000.000.000.000;;0.0;0.0;0.0;0.0;0.0
A048;CABO DE ALUMINIO MULTIPLEXADO;CABO ALUMINIO QUADRUPLEX 3X1X16MM+16MM DIV METRO (NEUTRO Nŕ);CABOALUMINIOQUADRUPLEX3X1X16MM+16MMDIVMETRO(NEUTRON√ö);M;40.921;8.64;0.0;0.0;0.0;0.0;86650000000000.02;;0.0;0.0;0.0;0.0;0.0
A049;CABO DE ALUMINIO MULTIPLEXADO;CABO ALUMINIO QUADRUPLEX 3X1X25MM+25MM DIV METRO (NEUTRO Nŕ);CABOALUMINIOQUADRUPLEX3X1X25MM+25MMDIVMETRO(NEUTRON√ö);M;62.763;1.75;0.0;0.93;0.0;0.0;2.68;;0.0;0.0;0.0;0.0;0.0
A008;CABO DE ALUMINIO MULTIPLEXADO;CABO ALUMINIO TRIPLEX 2X1X35MM+35MM DIV METRO (NEUTRO ISOLADO);CABOALUMINIOTRIPLEX2X1X35MM+35MMDIVMETRO(NEUTROISOLADO);M;61.579;0.25;0.0;12.18;0.0;0.0;37.18;;0.0;0.0;0.0;0.0;0.0
A009;CABO DE ALUMINIO MULTIPLEXADO;CABO ALUMINIO TRIPLEX 2X1X50MM+50MM DIV METRO;CABOALUMINIOTRIPLEX2X1X50MM+50MMDIVMETRO;M;83.158;0.35;0.0;0.17;0.0;0.0;0.52;;0.0;0.0;0.0;0.0;0.0
A044;CABO DE ALUMINIO MULTIPLEXADO;CABO ALUMINIO TRIPLEX 2X1X10MM+10MM DIV METRO (NEUTRO Nŕ);CABOALUMINIOTRIPLEX2X1X10MM+10MMDIVMETRO(NEUTRON√ö);M;22.632;0.55;0.0;0.36;0.0;0.0;91.25;;0.0;0.0;0.0;0.0;0.0
A045;CABO DE ALUMINIO MULTIPLEXADO;CABO ALUMINIO TRIPLEX 2X1X16MM+16MM DIV METRO (NEUTRO Nŕ);CABOALUMINIOTRIPLEX2X1X16MM+16MMDIVMETRO(NEUTRON√ö);M;30.789;8.64;0.0;0.0;0.0;0.0;86650000000000.02;;0.0;0.0;0.0;0.0;0.0
A046;CABO DE ALUMINIO MULTIPLEXADO;CABO ALUMINIO TRIPLEX 2X1X25MM+25MM DIV METRO (NEUTRO Nŕ);CABOALUMINIOTRIPLEX2X1X25MM+25MMDIVMETRO(NEUTRON√ö);M;47.105;1.75;0.0;0.93;0.0;0.0;2.68;;0.0;0.0;0.0;0.0;0.0
A047;CABO DE ALUMINIO MULTIPLEXADO;CABO ALUMINIO TRIPLEX 2X1X35MM+35MM DIV METRO (NEUTRO Nŕ);CABOALUMINIOTRIPLEX2X1X35MM+35MMDIVMETRO(NEUTRON√ö);M;61.579;0.25;0.0;12.18;0.0;0.0;37.18;;0.0;0.0;0.0;0.0;0.0
F234;CABO ELETRICO LINHA1 (MAXFIO);CABO ELETRICO FLEX 0,50MM LARANJA MAXFIO RL;0,5;RL;0.0;0.0;0.0;0.0;0.0;0.0;0.0;;0.0;0.0;0.0;0.0;0.0
F004M;CABO ELETRICO LINHA1 (MAXFIO);CABO ELETRICO FLEX 1,5MM VERDE MAXFIO 450/750V  NBR427 50M;1,5;RL;1,19E+31;77.0;0.0;11.0;0.0;0.0;1883.0;;0.0;0.0;0.0;0.0;0.0
F005M;CABO ELETRICO LINHA1 (MAXFIO);CABO ELETRICO FLEX 1,5MM AZUL MAXFIO 450/750V  NBR427 50M;1,5;RL;1,19E+31;77.0;0.0;11.0;0.0;0.0;1883.0;;0.0;0.0;0.0;0.0;0.0
F001M;CABO ELETRICO LINHA1 (MAXFIO);CABO ELETRICO FLEX 1,5MM PRETO MAXFIO 450/750V  NBR247 50M;1,5;RL;1,19E+31;77.0;0.0;11.0;0.0;0.0;1883.0;;0.0;0.0;0.0;0.0;0.0
F006M;CABO ELETRICO LINHA1 (MAXFIO);CABO ELETRICO FLEX 1,5MM BRANCO MAXFIO 450/750V  NBR427 50M;1,5;RL;1,19E+31;77.0;0.0;11.0;0.0;0.0;1883.0;;0.0;0.0;0.0;0.0;0.0
F008M;CABO ELETRICO LINHA1 (MAXFIO);CABO ELETRICO FLEX 2,5MM VERMELHO MAXFIO 450/750V NBR247 50M;2,5;RL;1,76E+32;132.0;0.0;15.0;0.0;0.0;2,84E+32;;0.0;0.0;0.0;0.0;0.0
F235;CABO ELETRICO LINHA1 (MAXFIO);CABO ELETRICO FLEX 4,0MM CINZA MAXFIO RL;4;RL;0.0;0.0;0.0;0.0;0.0;0.0;0.0;;0.0;0.0;0.0;0.0;0.0
F002M;CABO ELETRICO LINHA1 (MAXFIO);CABO ELETRICO FLEX 1,5MM VERMELHO MAXFIO 450/750V NBR427 50M;1,5;RL;1,19E+31;77.0;0.0;11.0;0.0;0.0;1883.0;;0.0;0.0;0.0;0.0;0.0
F003M;CABO ELETRICO LINHA1 (MAXFIO);CABO ELETRICO FLEX 1,5MM AMARELO MAXFIO 450/750V  NBR427 50M;1,5;RL;1,19E+31;77.0;0.0;11.0;0.0;0.0;1883.0;;0.0;0.0;0.0;0.0;0.0
F009M;CABO ELETRICO LINHA1 (MAXFIO);CABO ELETRICO FLEX 2,5MM AMARELO MAXFIO 450/750V NBR247 50M;2,5;RL;1,76E+32;132.0;0.0;15.0;0.0;0.0;2,84E+32;;0.0;0.0;0.0;0.0;0.0
F010M;CABO ELETRICO LINHA1 (MAXFIO);CABO ELETRICO FLEX 2,5MM VERDE MAXFIO 450/750V NBR247 50M;2,5;RL;1,76E+32;132.0;0.0;15.0;0.0;0.0;2,84E+32;;0.0;0.0;0.0;0.0;0.0
F011M;CABO ELETRICO LINHA1 (MAXFIO);CABO ELETRICO FLEX 2,5MM AZUL MAXFIO 450/750V NBR247 50M;2,5;RL;1,76E+32;132.0;0.0;15.0;0.0;0.0;2,84E+32;;0.0;0.0;0.0;0.0;0.0
F012M;CABO ELETRICO LINHA1 (MAXFIO);CABO ELETRICO FLEX 2,5MM BRANCO MAXFIO 450/750V NBR247 50M;2,5;RL;1,76E+32;132.0;0.0;15.0;0.0;0.0;2,84E+32;;0.0;0.0;0.0;0.0;0.0
F007M;CABO ELETRICO LINHA1 (MAXFIO);CABO ELETRICO FLEX 2,5MM PRETO MAXFIO 450/750V NBR247 50M;2,5;RL;1,76E+32;132.0;0.0;15.0;0.0;0.0;2,84E+32;;0.0;0.0;0.0;0.0;0.0
F246M;CABO ELETRICO LINHA1 (MAXFIO);CABO ELETRICO FLEX 4,00MM AMARELO MAXFIO 450/750V NBR247 50M;4;RL;0.0;0.0;0.0;0.0;0.0;0.0;0.0;;0.0;0.0;0.0;0.0;0.0
F247M;CABO ELETRICO LINHA1 (MAXFIO);CABO ELETRICO FLEX 4,00MM AZUL MAXFIO 450/750V NBR247 50M;4;RL;0.0;0.0;0.0;0.0;0.0;0.0;0.0;;0.0;0.0;0.0;0.0;0.0
F248M;CABO ELETRICO LINHA1 (MAXFIO);CABO ELETRICO FLEX 4,00MM PRETO MAXFIO 450/750V NBR247 50M;4;RL;0.0;0.0;0.0;0.0;0.0;0.0;0.0;;0.0;0.0;0.0;0.0;0.0
F249M;CABO ELETRICO LINHA1 (MAXFIO);CABO ELETRICO FLEX 4,00MM VERMELHO MAXFIO 450/750V NBR247 50M;4;RL;0.0;0.0;0.0;0.0;0.0;0.0;0.0;;0.0;0.0;0.0;0.0;0.0
F2;#N/D;#N/D;4;RL;0.0;0.0;0.0;0.0;0.0;0.0;0.0;;0.0;0.0;0.0;0.0;0.0
F251M;CABO ELETRICO LINHA1 (MAXFIO);CABO ELETRICO FLEX 4,00MM BRANCO MAXFIO 450/750V NBR247 50M;4;RL;0.0;0.0;0.0;0.0;0.0;0.0;0.0;;0.0;0.0;0.0;0.0;0.0
N015B;CABO ELETRICO NU;CABO ELETRICO DE COBRE NU 150,0 MM 19 FIOS METRO (BOBINA);DECOBRENU150,0MM19FIOS;M;0.0;0.0;0.0;0.0;0.0;0.0;0.0;FALTA FICHA T√ČCNICA;0.0;0.0;0.0;0.0;0.0
N016B;CABO ELETRICO NU;CABO ELETRICO DE COBRE NU 120,0 MM 19 FIOS METRO (BOBINA);DECOBRENU120,0MM19FIOS;M;0.0;0.0;0.0;0.0;0.0;0.0;0.0;;0.0;0.0;0.0;0.0;0.0
NC010B;CABO ELETRICO NU;CABO ELETRICO DE COBRE NU 70,0MM METRO (BOBINA);DECOBRENU70,0MM;M;0.0;0.0;0.0;0.0;0.0;0.0;0.0;;0.0;0.0;0.0;0.0;0.0
N001B;CABO ELETRICO NU;CABO ELETRICO DE COBRE NU 10,0MM METRO (BOBINA);DECOBRENU10,0MM;M;0.0;0.0;0.0;0.0;0.0;0.0;0.0;;0.0;0.0;0.0;0.0;0.0
N011B;CABO ELETRICO NU;CABO ELETRICO DE COBRE NU 10,0MM 7 PERNAS METRO (BOBINA);DECOBRENU10,0MM7PERNAS;M;0.0;0.0;0.0;0.0;0.0;0.0;0.0;;0.0;0.0;0.0;0.0;0.0
N012B;CABO ELETRICO NU;CABO ELETRICO DE COBRE NU 35,0MM 7 PERNAS METRO (BOBINA);DECOBRENU35,0MM7PERNAS;M;0.0;0.0;0.0;0.0;0.0;0.0;0.0;;0.0;0.0;0.0;0.0;0.0
N002B;CABO ELETRICO NU;CABO ELETRICO DE COBRE NU 16,0MM METRO (BOBINA);DECOBRENU16,0MM;M;0.0;0.0;0.0;0.0;0.0;0.0;0.0;;0.0;0.0;0.0;0.0;0.0
N004B;CABO ELETRICO NU;CABO ELETRICO DE COBRE NU 35,0MM METRO (BOBINA);DECOBRENU35,0MM;M;0.0;0.0;0.0;0.0;0.0;0.0;0.0;;0.0;0.0;0.0;0.0;0.0
N009B;CABO ELETRICO NU;CABO ELETRICO DE COBRE NU 70,0MM 7 PERNAS METRO (BOBINA);DECOBRENU70,0MM7PERNAS;M;0.0;0.0;0.0;0.0;0.0;0.0;0.0;;0.0;0.0;0.0;0.0;0.0
N010B;CABO ELETRICO NU;CABO ELETRICO DE COBRE NU 95,0MM METRO (BOBINA);DECOBRENU95,0MM;M;0.0;0.0;0.0;0.0;0.0;0.0;0.0;;0.0;0.0;0.0;0.0;0.0
N003B;CABO ELETRICO NU;CABO ELETRICO DE COBRE NU 25,0MM METRO (BOBINA);DECOBRENU25,0MM;M;0.0;0.0;0.0;0.0;0.0;0.0;0.0;;0.0;0.0;0.0;0.0;0.0
N005B;CABO ELETRICO NU;CABO ELETRICO DE COBRE NU 50,0MM METRO (BOBINA);DECOBRENU50,0MM;M;0.0;0.0;0.0;0.0;0.0;0.0;0.0;;0.0;0.0;0.0;0.0;0.0
N007B;CABO ELETRICO NU;CABO ELETRICO DE COBRE NU 50,0MM 7 FIOS NBR 5419 NBR 6524 METRO (BOBINA);DECOBRENU50,0MM7FIOSNBR5419NBR6524;M;0.0;0.0;0.0;0.0;0.0;0.0;0.0;;0.0;0.0;0.0;0.0;0.0
V001;CABO HEPR 1KV 90¬ļ - MAXFIO;CABO ELETRICO FLEX HEPR 16,0MM AZUL 1KV 90ļ VOLTFLEX;16,0MMVOLT;RL;0.0;0.0;0.0;0.0;0.0;0.0;0.0;;0.0;0.0;0.0;0.0;0.0
CABOHPR;CABO HEPR 1KV 90¬ļ - MAXFIO;CABO ELETRICO HEPR 300MM;CABOELETRICOHEPR300MM;M;0.0;2.2;0.0;0.58;0.0;0.0;30601.33;;0.0;0.0;0.0;0.0;0.0
R005M;CABOS R√ćGIDOS (S√ďLIDOS);CABO ELETRICO RIGIDO (SOLIDO) 10,0MM AZUL MAXFIO METRO;RIGIDO(SOLIDO)10,0MM;M;0.0;0.0;0.0;0.0;0.0;0.0;0.0;;0.0;0.0;0.0;0.0;0.0
R004M;CABOS R√ćGIDOS (S√ďLIDOS);CABO ELETRICO RIGIDO (SOLIDO) 10,0MM VERDE MAXFIO METRO;RIGIDO(SOLIDO)10,0MM;M;0.0;0.0;0.0;0.0;0.0;0.0;0.0;;0.0;0.0;0.0;0.0;0.0
R001M;CABOS R√ćGIDOS (S√ďLIDOS);CABO ELETRICO RIGIDO (SOLIDO) 10,0MM PRETO MAXFIO METRO;RIGIDO(SOLIDO)10,0MM;M;0.0;0.0;0.0;0.0;0.0;0.0;0.0;FALTA FICHA T√ČCNICA;0.0;0.0;0.0;0.0;0.0
R002M;CABOS R√ćGIDOS (S√ďLIDOS);CABO ELETRICO RIGIDO (SOLIDO) 10,0MM VERMELHO MAXFIO METRO;RIGIDO(SOLIDO)10,0MM;M;0.0;0.0;0.0;0.0;0.0;0.0;0.0;FALTA FICHA T√ČCNICA;0.0;0.0;0.0;0.0;0.0
R023M;CABOS R√ćGIDOS (S√ďLIDOS);CABO ELETRICO RIGIDO (SOLIDO) 10,0MM AMARELO MAXFIO METRO;RIGIDO(SOLIDO)10,0MM;M;0.0;0.0;0.0;0.0;0.0;0.0;0.0;FALTA FICHA T√ČCNICA;0.0;0.0;0.0;0.0;0.0
R024M;CABOS R√ćGIDOS (S√ďLIDOS);CABO ELETRICO RIGIDO (SOLIDO) 10,0MM BRANCO MAXFIO METRO;RIGIDO(SOLIDO)10,0MM;M;0.0;0.0;0.0;0.0;0.0;0.0;0.0;FALTA FICHA T√ČCNICA;0.0;0.0;0.0;0.0;0.0
R004;CABOS R√ćGIDOS (S√ďLIDOS);CABO ELETRICO RIGIDO (SOLIDO) 10,0MM VERDE MAXFIO 100M;RIGIDO(SOLIDO)10,0MM;RL;0.0;0.0;0.0;0.0;0.0;0.0;0.0;FALTA FICHA T√ČCNICA;0.0;0.0;0.0;0.0;0.0
